symbol,count
mtch,7
duk,1
fgen,0
gipr,0
arow,0
wei,1
seel,0
dole,0
avctw,0
skyau,0
smti,0
jhx,0
incy,1
cenx,0
tblt,4
husn,0
pgrw,0
apph,3
msft,62
jpi,0
agfy,0
pbfs,0
avgo,0
cpop,0
gam^b,0
mmsi,0
erc,0
hbt,0
smpl,0
kaiiu,0
dct,0
urbn,0
ctkb,0
lylt,0
altuu,0
clrm,0
cif,0
jyac,0
kof,0
tptx,0
ghm,0
vtnr,0
asml,1
akr,0
tvacw,0
wpc,0
sfbs,0
bmaqr,0
wter,0
dlng,0
wfcf,0
acgln,0
cir,0
gdv^g,0
tsibw,0
osh,0
lmaow,0
hcxy,0
nfbk,0
brliu,0
frpt,0
eltk,0
esp,0
isr,3
crnx,0
site,38
etj,0
swi,3
gabc,0
irbt,2
hpltu,0
xfor,1
frsgu,0
hofv,1
kio,2
eqh,0
ndaq,1
glpg,0
tcom,0
gpi,0
taro,0
rrr,10
vtr,0
kavl,0
stok,3
sif,1
leo,4
amed,0
dsu,0
grtx,0
smed,0
spsc,0
fbms,0
ocx,0
vyne,1
giix,0
pmgmu,0
meka,0
rdnt,0
eqnr,1
arav,0
mtryu,0
glhau,0
snrh,0
dawn,7
ccnep,0
tdw,0
fsbc,0
esscr,0
fronu,0
nea,23
crus,2
ger,4
mcmj,0
puck,0
enlv,0
aaciu,0
epc,0
gbrgw,0
isun,2
vrns,0
dtocw,0
jbt,0
lvoxw,0
boom,4
xrx,0
macu,0
dnp,0
dfs,0
cmre,0
rsg,0
casa,0
bpypp,0
vwe,0
kern,2
vygr,0
myrg,0
mitt,10
vtiq,0
brog,0
ccj,1
curo,0
ebf,0
trtl,0
gpja,0
zws,0
gsevw,0
mnst,0
bmy,3
gbdc,0
ajx,0
ccl,34
naov,1
hrtx,0
uzd,0
bac^n,0
pfx,0
oprx,0
zyme,0
stt,0
sncrl,0
cai,5
mac,27
gfor,0
clw,0
akya,0
chh,0
ipg,0
rcc,0
htgc,0
pulm,0
xpdiu,0
hcdiw,0
dht,0
bgx,0
smihw,0
flgt,3
slrx,0
znh,0
higa,0
aout,1
pdm,0
lsea,0
rpt,3
uaa,0
ctmx,1
pxs,0
arkr,0
shg,1
tfc,0
cfivw,0
bsvn,0
dune,0
pfin,0
tblaw,0
exls,0
slvru,0
ctre,0
duo,0
laix,0
dlpn,2
ggpiu,0
nvgs,0
feng,0
boh,0
gms,2
spaq,0
ibp,0
ebr,1
hgbl,0
mmi,1
amn,1
inn^e,0
relx,0
gsit,0
snaxw,0
afin,2
augx,0
rbac,0
kbr,0
imkta,0
fnb^e,0
flws,0
eme,8
indt,0
exk,4
dcph,0
caap,0
phun,2
main,37
rvt,0
clpt,1
insp,0
lnc,0
aroc,0
boas,1
esscu,0
nlit,0
mhk,0
vec,0
rgco,0
pmd,0
jdd,0
kairu,0
sky,3
pac,0
kros,0
iga,0
aee,5
ncsm,0
dei,2
aneb,0
hmpt,0
pfsi,0
bgr,0
stz/b,0
rol,6
mtor,0
omab,0
glog^a,0
pshg,0
krkr,0
gpco,0
frc^i,0
mfm,0
lxu,0
msn,2
atnfw,0
met,8
mvstw,0
seed,8
cia,54
star^i,0
wre,16
batrk,0
mmat,0
clmt,0
flmn,0
payo,0
adsk,0
mdu,0
glha,0
nvsa,0
gjr,0
tsla,1010
wkhs,51
rsls,0
cyh,0
wll,242
clrmw,0
ante,3
icmb,0
sptn,0
bepc,0
jakk,1
swx,0
twlo,7
smihu,0
astc,0
agriw,0
ntrb,0
karo,0
gainz,0
endp,0
cste,1
curiw,0
mgpi,0
mci,0
mrkr,0
mcr,0
srad,0
brk/a,0
eva,1
csv,1
pwp,0
afgb,0
mvo,0
pnfp,0
ozkap,0
msgs,0
road,6
pagp,0
hska,0
redu,0
bfri,0
dtrt,0
vrsk,0
cetx,0
clnnw,0
hwkn,0
glp^b,0
pflt,0
hban,0
stba,0
aht,3
qrtea,0
mh^c,0
hpq,1
nvsaw,0
stm,0
bll,5
rmo,2
etac,0
ivr^b,0
hcsg,0
rvph,0
xray,0
astlw,0
itri,0
jpm^k,0
scd,0
prif^g,0
slgg,1
arqq,0
hcc,0
adm,1
imaqr,0
vfl,0
emcf,0
gil,5
tbk,0
wab,0
pdot,0
syf^a,0
asai,0
ibkr,3
aryd,0
jzxn,0
cwco,0
cbio,0
vcka,0
nrc,0
aefc,0
farm,0
ficvw,0
spgi,0
mbot,0
idcc,0
cnm,0
wit,4
kcgi,0
inteu,0
hqi,0
chpmu,0
srl,1
vsto,3
ntla,6
adp,3
sgbx,0
brkr,0
six,2
cvlg,0
psth,40
minm,0
vpcbw,0
nmk^c,0
zvo,0
xpdiw,0
dlr^k,0
axu,0
bami,0
coke,1
dkdcu,0
tcbc,0
foxa,1
zntl,0
shbi,0
pfsw,0
mchp,0
ctaqw,0
fhn^f,0
wmk,0
naii,0
epsn,0
knbe,0
snce,0
jcicw,0
ribt,0
cndt,1
hiw,1
xone,3
wmg,0
nvst,0
cron,9
amsc,0
grc,0
viac,13
osw,2
momo,0
giggu,0
bc^a,0
snps,0
mgm,7
snp,0
pgti,1
bio,5
abvc,0
bwa,0
littw,0
htbi,0
vino,0
aeye,0
dibs,0
enfa,0
athx,0
sci,0
cio^a,0
tpbaw,0
hps,0
jqc,0
usm,0
nvno,0
vii,3
lov,1
veru,3
invh,0
vlta,0
mfgp,0
prpl,6
alco,0
igacw,0
vlatu,0
amov,0
mhnc,0
ctra,0
qlgn,1
cwst,0
wsbf,0
vrpx,0
acor,0
sqz,0
kvsc,0
cmcsa,4
altm,0
sino,1
coop,0
myc,0
rdy,0
astl,0
irl,0
bhseu,0
pcn,0
kirk,1
ksu^,0
abb,0
kbntw,0
nesrw,0
gggv,0
nni,0
ptic,0
rcel,0
immr,9
gmbtu,0
bip^a,0
ndp,0
snes,10
briv,0
acr^d,0
rilym,0
tbsa,0
hffg,0
viri,0
dlth,0
zgnx,0
ahh^a,0
lxrx,16
mvf,0
cown,0
occ,0
milew,0
vgi,0
cpa,2
evr,1
morn,1
iknx,0
orn,3
slcru,0
sbev,0
cpg,0
enr,1
ytpg,0
arbe,0
muds,0
ambo,0
hurc,0
enfau,0
xtlb,0
atco^i,0
ovbc,0
jks,5
mpc,0
rvacu,0
xpdi,0
evtc,0
et^e,0
xper,0
aihs,2
asa,13
ipva,0
mtacu,0
uvv,0
sonn,0
lyel,0
lmnl,0
foreu,0
plag,0
pays,1
prg,0
qvcc,0
xnet,1
pcrx,0
rsi,17
frsgw,0
btbt,0
codx,1
azek,0
vist,0
jan,2694
bvn,0
fmac,0
abr^e,0
nbhc,0
hvbc,0
bxp,0
cag,4
entg,0
biot,0
lbrdp,0
usap,0
panl,0
sfbc,0
tbltw,0
tzoo,0
sfst,0
rgc,0
aus,7
cee,49
crwd,6
jmp,0
gldd,0
gree,2
krp,0
nrbo,1
cldx,0
apts,0
mrc,0
gsm,1
revhw,0
pfgc,0
tbcpw,0
epr^g,0
iin,3
atto,0
lcahu,0
indo,0
ions,1
mnkd,5
ngc,0
shak,1
srt,2
psa^q,0
bgry,0
eig,0
eacpu,0
mtnb,4
gbny,0
acqr,0
aosl,0
gwiiw,0
mho,0
mpv,0
wcc,0
rzb,0
efc^a,0
petv,0
nxtp,0
bwsn,0
legh,0
lbai,0
unty,0
bfin,0
src^a,0
dla,0
enpc,0
rnlx,0
atnf,0
dkl,0
mcft,0
icui,0
clr,0
bns,2
cnsp,0
hie,9
htht,0
joffw,0
rfl,0
elys,0
ngl^c,0
kinzw,0
fico,0
sce^g,0
gsevu,0
calm,5
cent,1
nrt,0
bkh,0
mpb,0
acer,3
nvei,0
epr^c,0
gpn,1
hyfm,1
trec,0
umpq,0
aey,1
gnac,0
bbln,0
puk,0
etacu,0
orc,3
rnxt,0
bro,9
jbl,0
edap,0
apls,0
pono,0
mli,0
phr,0
tmdi,4
forg,0
dhbcw,0
aqms,1
eftr,0
prdo,0
iart,0
smapu,0
sfm,1
sgry,0
nan,6
altg^a,0
smlr,0
ucbi,0
oxy,7
biol,9
datsw,0
glp^a,0
celp,0
mfa,8
cort,0
qipt,0
qcrh,0
stl^a,0
bngo,55
eml,0
opk,7
lseaw,0
arko,0
pvl,0
xgn,0
mbin,0
glop,0
useg,0
jta,0
hfwa,0
mvis,43
pacx,0
snt,0
plmi,0
lnfa,0
cof^i,0
gevo,35
ospn,0
gmtx,0
dnay,0
aggr,0
aph,0
occio,0
ftai,0
cvrx,0
etacw,0
nwg,0
pcg^e,0
banr,0
drmaw,0
galt,0
lpl,1
evc,0
hun,0
irmd,0
nept,3
sbow,0
idra,0
petz,0
usb,11
whlrd,0
nuv,0
npabu,0
aizn,0
disaw,0
vbiv,6
fsp,0
lub,1
avir,0
usb^a,0
gsat,11
aenz,0
jrjc,0
smfr,0
cck,0
glyc,0
gwgh,0
psx,2
aeha,0
mrvi,1
ugic,0
axdx,5
cixx,0
rio,1
ccf,0
obsv,1
smg,0
kim^l,0
f^b,0
gut^a,0
sohon,0
xbit,0
ddmx,0
brqs,1
lixt,0
aig,2
czwi,0
bml^j,0
peri,1
dhhcw,0
tnya,0
cnhi,0
hgsh,0
hayw,0
mbio,3
age,19
aht^d,0
alxo,0
alle,32
trip,1
atkr,0
gbab,0
sndx,0
gs^j,0
sony,6
joby,0
afya,0
cna,2
hei/a,0
pbc,0
srg^a,0
aep,1
rndb,0
hnnaz,0
gamb,0
kalv,0
sgc,0
cova,0
bcc,2
rhp,0
afge,0
xpl,0
brez,0
key^j,0
slamu,0
cubi,0
mxe,0
bpmc,0
fmtx,0
ionm,0
hibb,1
ioacu,0
jkhy,0
asax,0
seas,13
btwnw,0
lfus,0
ams,4
spnt^b,0
pcgu,0
juggu,0
cdxc,0
ccu,0
glspu,0
ptoc,0
ackiu,0
lotz,0
evbn,0
metcl,0
acrx,1
rfm,0
lsbk,0
c^n,0
zntew,0
cacc,0
eneru,0
frhc,0
cdr,1
cion,0
thmau,0
ste,16
tost,0
afacu,0
ms^l,0
mos,2
pftaw,0
celc,0
oxsq,0
adap,1
hcti,0
fssiw,0
macqw,0
seatw,0
phat,0
ptr,2
wabc,0
blnkw,1
bwbbp,0
func,0
ackit,0
ntg,0
ges,10
lilm,0
yac,0
key,67
drrx,0
sisi,0
hcicu,0
ennvw,0
dcrcu,0
aspaw,0
cfg^e,0
actg,0
ias,0
bird,0
sho^i,0
wmb,0
nvec,0
clfd,0
eght,0
cto^a,0
vtaqr,0
fbk,0
altg,0
gbs,0
ahl^e,0
dskew,0
inaq,1
aehl,0
rani,0
scs,0
nad,1
plpc,0
stem,1
mixt,0
msbi,0
nvmi,0
glng,0
tmo,2
wrb^f,0
allt,2
fdx,2
rada,1
met^e,0
lth,0
ggmcu,0
cih,0
argo^a,0
cmcl,0
olma,0
wve,3
bld,0
twlvu,0
drq,0
roni,0
chpm,0
smtc,0
sglbw,0
pcttw,0
vcel,0
phi,0
dvd,4
vki,0
bpop,0
aaic^b,0
amg,68
axta,0
pxd,0
tcbi,0
nuva,0
nwli,0
fizz,13
grf,0
nxe,0
naac,0
dila,0
thmaw,0
bfam,0
amyt,0
pins,13
laaaw,0
whlm,0
fslr,7
cldt,0
dlcau,0
cspr,0
vir,7
expi,1
rdib,0
ysac,0
ebix,12
baba,186
smbc,0
ltrn,0
egf,0
mlp,0
thg,0
afmd,0
fmc,0
mtls,0
coli,0
cyd,1
flacw,0
nycb^a,0
cmpr,0
ryn,0
bxrx,0
olli,0
ceix,1
rell,2
trmd,0
fcn,0
adi,2
smhi,0
hae,11
vabk,0
edu,0
si^a,0
ael,0
gpk,0
pds,0
pyxs,0
nyxh,0
bch,9
tcfc,0
hasi,0
rail,1
ambc,0
golf,0
pxsaw,0
gtlb,0
hglb,0
vtvt,0
self,2
cmtg,0
vaqc,0
hyln,11
evax,0
amc,5209
ortx,0
dcrd,0
tpst,0
bfi,1
htz,0
ztaqw,0
ttek,1
pwr,15
gfaiw,0
cece,29
strrp,0
modv,0
ncz^a,0
klxe,0
lscc,0
mtz,0
bhsew,0
olb,1
amrc,0
flo,3
gcmgw,0
vbtx,0
mhd,0
tops,5
agys,1
stne,0
cvgw,0
omer,0
lilak,0
fdeu,0
dbi,1
cbz,0
glpi,0
mcafr,0
grpn,2
evn,3
dtm,0
lrcx,1
mgi,0
tpr,1
aytu,0
curi,1
rdi,0
cnmd,0
eqx,0
gef,0
eqc^d,0
aic,1
rmd,0
vtn,0
snv^e,0
oxbr,1
acb,81
kinzu,0
ftev,0
bhr^b,0
nzf,0
ango,0
aspa,0
lgo,0
sxc,1
adct,0
cmp,0
tbla,0
utmd,0
eqd,0
gmbt,0
lfmdp,0
vmar,0
arqqw,0
hudi,0
paqcu,0
irt,0
hmnf,0
phm,0
evf,0
qvcd,0
cmg,3
tuya,0
rna,0
usfd,2
htia,0
chwy,14
lng,1
artlw,0
bdc,0
mbtc,0
payx,0
agco,0
trit,0
oxlcm,0
rbkb,0
crws,0
adf,1
imgn,0
lionu,0
omp,0
achr,0
cls,1
feim,0
gs^k,0
rfp,0
rtx,5
crnc,0
sf^d,0
svoku,0
bwacu,0
cmaxw,0
chra,0
mnrl,0
zsan,0
vnt,0
cutr,0
lian,0
kspn,0
tbkcp,0
lvrau,0
vstm,1
altr,0
ephyw,0
ttc,0
myps,0
svokw,0
evrg,0
pafou,0
cfg^d,0
fll,3
tannz,0
wfc^d,0
silc,0
gvp,0
bstz,0
sfnc,0
fbiz,0
zen,4
tcbs,0
ebon,2
cbh,0
bax,3
san,18
npct,0
spro,0
erj,0
dpg,0
pdce,0
ampi,0
osk,1
rilyn,0
csbr,0
itw,0
nnvc,2
ois,0
fcel,76
eqs,2
celh,3
two^a,0
jpm^c,0
jxn,0
vvr,0
rpm,0
alec,1
fnlc,0
cgtx,0
eyes,3
nro,0
jmia,30
imaqw,0
smmf,0
spxx,0
unit,43
vnce,0
chscn,0
brt,0
acst,1
ftek,1
jnj,4
wolf,7
burl,0
dsx^b,0
hii,14
pch,0
kbal,0
sce^l,0
veco,0
lxfr,0
vcf,0
rvnc,0
goos,0
nog,2
hnw,0
srznw,0
eic,0
calx,0
powi,0
psag,0
fgbi,0
zgyhu,0
bhf,0
usctu,0
imac,0
edi,1
agil,0
ksi,0
embkw,0
vlat,0
cgem,0
ngm,0
pspc,0
inod,0
imcr,0
nly^g,0
clm,0
nak,18
opa,0
sohob,0
oeg,4
apen,1
jri,0
imrnw,0
ohpa,0
stt^d,0
argd,0
tigr,1
flc,0
lmnr,0
mchx,0
obas,0
pyn,0
newtl,0
vlon,0
fdus,0
chngu,0
moxc,0
afbi,0
mcf,0
ihit,0
phcf,0
clar,0
agd,0
veee,0
dna,0
hipo,0
renn,1
goevw,0
otmo,0
cof^g,0
viav,0
evlv,0
bfs^e,0
rf^e,0
whf,0
cgnt,0
gecc,2
aiv,0
avah,0
tig,1
duol,0
lmpx,4
ofssi,0
epwr,0
fncb,0
mtl^,0
uptdu,0
anzuw,0
ahpau,0
bset,0
aspu,0
avns,0
isee,1
arec,4
bnr,1
lpth,0
repx,0
thtx,0
pnc^p,0
vbnk,0
awf,0
wpm,1
bfiiw,0
cbah,0
bsgm,0
avnt,0
ccvi,0
tzpsw,0
med,4
wgo,0
krc,0
holi,0
oge,2
lgac,0
inm,0
olo,0
zme,0
gnt,0
evt,0
emn,0
chkel,0
smp,0
acad,1
wtba,0
bsga,0
cabo,0
hqy,0
rexr,0
tayd,0
calb,0
docs,29
met^f,0
tlk,0
fmn,0
lcid,0
prmw,0
prch,0
clas,0
esgrp,0
cnxc,0
snd,1
team,35
meso,0
flacu,0
frba,0
bldr,0
ipviw,0
aljj,0
atrc,0
tgp^b,0
adag,0
pcm,0
iinnw,0
mlkn,0
crznw,0
wia,1
kzia,0
winvu,0
senea,0
ibio,17
nuvl,0
trq,5
gcac,0
civi,0
hbp,0
ctva,0
esgc,0
fwbi,0
rcm,0
nymtm,0
occip,0
edr,0
bntc,0
gleeu,0
pfis,0
gbio,0
stk,26
trx,11
mlaiu,0
cnr,1
amaow,0
dcom,0
beemw,0
slhg,0
avb,0
xers,0
meusw,0
xtnt,0
aacg,2
body,0
wtfcm,0
mktww,0
tscbp,0
wal,10
bedu,0
fcap,0
pbh,0
slg,0
inka,2
voc,1
wbev,0
sptku,0
chmg,0
nwfl,0
spns,0
pbpb,0
kttaw,0
amswa,0
ttnp,2
zwrkw,0
radi,0
alex,0
ni^b,0
scm,0
eye,14
cdak,0
hcaru,0
mrsn,0
surf,0
par,13
brmk,0
uncy,0
scle,0
bsig,0
wti,3
docu,5
cea,3
rilyz,0
dhr,1
tmp,0
cqp,0
meoaw,0
flnc,0
ttmi,0
tomz,0
alvr,0
ibrx,0
tpc,0
exc,1
fet,5
chx,0
bcpc,0
pcyg,0
emp,1
sfl,0
axs,0
osat,0
crvs,0
dsx,2
bytsw,0
ep^c,0
srsau,0
tdcx,0
nptn,0
whfbz,0
rilyp,0
vno^l,0
aehaw,0
pipr,0
bby,29
lbrda,0
frw,1
pirs,0
prov,0
giacw,0
strcw,0
tisi,0
surgw,0
uze,0
ccai,0
wafu,0
mdxg,0
frbk,0
blmn,0
ziono,0
tara,0
derm,0
knx,1
ngs,2
amzn,137
tkr,2
oln,1
qsi,0
ehc,0
cybr,0
mcn,0
glt,0
mga,3
fstr,0
grcl,0
seic,0
arta,0
intc,36
mhn,0
vtrs,10
kro,0
dnaa,0
adalu,0
tfsl,0
wea,6
fnf,0
hnrg,0
lpsn,0
chwau,0
gatx,0
gray,0
acm,1
vev,0
yala,0
evol,0
mapsw,0
opgn,0
uuuu,7
htoo,0
phx,0
fatbp,0
wdc,1
rmed,2
ezfl,0
sxt,1
salm,0
rchgw,0
flr,2
adx,0
imrx,0
sr^a,0
syta,0
aadi,1
auy,0
oust,0
frt^c,0
rskd,0
npk,0
zbh,0
gdyn,0
foa,1
hrmy,0
pfbc,0
bigz,0
lidrw,0
vrex,0
tioa,0
maxr,4
pei^c,0
slb,1
smar,0
tetcw,0
aaic^c,0
mlac,0
mic,3
thry,0
irm,2
jnpr,0
rmgc,0
wrb^g,0
itt,25
asys,0
revh,0
aig^a,0
neon,2
ssys,2
vldrw,1
aderu,0
catc,0
hyacu,0
utl,0
trca,0
bti,0
lmt,108
cfg,0
max,766
efl,0
gdp,0
klaqw,0
chnr,0
mpacr,0
swet,0
infn,0
amh^g,0
dmo,0
sypr,0
tlys,0
prld,0
sttk,0
apmiw,0
cim^b,0
apm,1
eurn,0
mer^k,0
zest,0
qure,0
jrvr,0
cvx,1
lpla,0
onvo,1
lcap,0
staf,1
lob,0
clbr,0
cpz,0
tnk,0
artl,0
btcy,0
sny,0
ddi,0
live,572
bkepp,0
enjyw,0
tal,5
meoh,0
wal^a,0
icbk,0
envx,0
utg,0
dhbc,0
allo,1
ale,122
ppc,4
itmr,0
pana,0
ggpiw,0
cprx,8
fiv,0
ipsc,0
aurc,0
evo,0
aeaeu,0
dwacw,0
glo,1
ubs,3
wrld,0
lcahw,0
tri,0
twcbw,0
nxn,0
hmlp^a,0
gshd,0
ccac,0
tlry,126
fbhs,0
pkg,0
algm,0
asaxw,0
beatw,0
sft,19
ktcc,0
ceqp,0
prog,0
pmcb,0
lghlw,0
rbnc,0
admp,10
phunw,0
tkat,0
frwaw,0
mth,0
cntx,0
dtea,0
dyns,0
ftcv,0
strs,0
dcrcw,0
dvax,4
gsv,0
brpm,0
afgd,0
nen,6
atha,0
tetc,0
aon,6
bke,0
frt,0
oxacw,0
fnv,0
ofg,0
psec,6
rhe,1
dcf,1
aste,1
crsp,14
krnlw,0
pys,0
kelyb,0
pmt^c,0
rcb,0
airi,0
dnab,0
kgc,2
hnna,0
pso,0
ctsh,0
nbw,0
alya,0
bio/b,0
nmz,0
vcnx,0
mdjh,0
athn,0
ulcc,0
jpm^d,0
chct,0
lndc,0
tipt,0
alna,2
adocw,0
aim,9
agbaw,0
onto,2
cii,0
shcr,0
bblgw,0
wst,0
ccnc,0
gnss,0
sak,1
cint,0
fibk,0
ypf,0
key^k,0
ehi,0
eyesw,0
afaqw,0
bpts,0
mrna,58
trst,0
cnc,0
f^c,0
myov,0
tugcw,0
hcnew,0
adxn,0
sqm,1
roiv,0
agx,0
land,4
fox,8
ame,38
bac^o,0
tpbau,0
gnl^a,0
elat,0
btnb,0
alb,2
atax,0
finm,0
hall,2
wkey,0
diod,0
mfa^c,0
carr,2
gts,1
umh,0
hugs,0
eica,0
aptx,0
modn,0
aomr,0
nari,0
ispc,0
mtc,1
dats,0
rmm,0
ntst,0
peak,9
aehau,0
gpcor,0
lvacu,0
gdv^k,0
eix,0
gnacw,0
jsm,0
imtxw,0
vcxaw,0
mbt,1
iipr,1
pltk,0
coolu,0
cycc,0
pkx,0
jsprw,0
trup,0
nksh,0
bac^l,0
mfv,0
ostr,0
tril,0
nvve,0
aggru,0
argo,6
nktx,0
dpz,0
bgs,0
ignyw,0
eccc,0
twst,0
pavmz,0
sigi,0
etr,0
ejfaw,0
csse,0
lmaou,1
frc^m,0
achc,0
rmi,0
iqmdu,0
dva,0
zwrku,0
fuv,10
olp,1
cbu,0
dow,143
anet,1
env,2
srzn,0
anix,0
winvw,0
klac,1
soi,0
goog,11
kaiiw,0
negg,0
ocfc,0
kequ,0
cet,9
pega,0
cdzi,0
cof^l,0
amciw,0
egbn,0
paqc,0
mcaf,0
atcx,0
zlab,0
stab,1
tmpmu,0
grx,0
upwk,1
leco,0
gwrs,0
gcv,0
otraw,0
ati,8
cmre^e,0
wlk,0
insw^a,0
igacu,0
rmbl,0
bgb,0
aubn,0
ego,2
mosy,0
sal,27
ctg,0
ngd,3
ophc,0
lcut,1
atc,2
ihd,0
gnog,6
virc,0
ithx,0
dilaw,0
nvro,0
prth,1
tpb,0
sf^c,0
anzu,0
alny,0
itcb,0
hiii,0
pen,14
twin,1
swn,6
avt,0
wwacu,0
bdx,0
mgta,1
nmrd,0
strnw,0
lmacu,0
plxp,0
glg,0
amk,0
msm,1
bnso,0
vrs,1
lnsr,0
wing,0
gfed,1
tbb,0
nml,0
nlsn,0
eucru,0
cemi,2
etw,0
ftai^c,0
omi,3
cmbm,1
bwfg,0
dcrnu,0
grmn,0
fthy,0
ftft,2
rilyt,0
holx,0
dkng,39
pgre,1
mdc,0
knsa,0
bxmx,0
gtn,0
yum,0
maqc,0
atco^d,0
kvhi,0
mudsu,0
esi,15
ntb,0
viot,0
batl,0
srdx,0
aau,1
igi,1
dlo,0
arbgu,0
bcv,0
atco,0
vmi,0
atge,0
aip,0
clim,0
wfc^q,0
hiiiu,0
czr,4
imbi,0
xhr,0
mtsi,0
ltch,0
jcic,0
qumu,0
jctcf,0
clb,0
kor,2
cyto,0
osmt,0
ing,14
ryi,0
meg,0
usio,0
frwau,0
bbq,2
acba,0
sql,0
mgee,0
pftau,0
wmc,0
esm,0
shw,0
tenb,0
viasp,0
hsii,0
cem,0
kura,0
cmsd,0
gcp,0
pcg^a,0
chwa,0
ferg,0
pcg^d,0
nmr,0
avya,0
peplu,0
nvt,0
csan,0
gleew,0
ppl,2
glbs,0
ofed,0
vtgn,3
bmaqw,0
geg,0
ymm,0
slvr,1
forr,0
grub,0
acahw,0
wala,0
fro,2
dlr,0
vect,0
bhfap,0
tcda,0
ocgn,18
bcda,0
rilyl,0
isig,0
brg^c,0
frln,0
bac^e,0
blk,2
mymd,0
drayu,0
dlca,0
pmvc,0
nly^i,0
rngr,0
sntg,0
pta,1
siga,0
nvnow,0
atspu,0
eeiq,0
nvda,27
tnl,0
eos,5
aeo,0
aemd,0
enta,0
ktb,0
hmn,0
thm,0
tpic,1
crtdw,0
true,2
mack,3
mgr,0
abc,11
cen,5
nspr,0
trno,0
mui,0
glp,0
odfl,0
talk,9
bite,1
stre,0
frc^j,0
peb^e,0
anab,0
ccel,0
cor,18
fsly,11
bipc,0
bxmt,0
pbyi,0
oepww,0
sce^k,0
itp,3
pag,3
vtaq,0
oxusu,0
bco,0
hhla,0
faca,0
bolt,0
hbcp,0
hafc,0
rbcaa,0
dbgi,0
txrh,0
giixu,0
fcx,2
dsacu,0
elc,0
alhc,0
etn,8
fele,0
cvs,22
flux,4
rcus,0
tixt,0
wern,0
bblg,0
dsgn,0
founu,0
idex,45
ecvt,0
smit,0
atif,0
ilmn,0
sap,11
mye,3
tds^v,0
hyt,1
orgo,0
wtfc,0
oled,0
vgm,1
elp,1
nkg,0
hig^g,0
pre^j,0
ensv,0
oacb,0
ngms,0
piai,0
ameh,0
adxs,0
scx,0
rcrt,0
trtn^b,0
ocg,0
kiq,0
ayla,0
dly,4
hrowl,0
dice,1
hum,0
ataq,0
elf,1
apam,0
vgfc,0
gril,0
nymt,0
aaciw,0
pcyo,0
mro,10
scvl,0
acls,0
wwe,5
elan,0
bmtx,0
hubb,0
slno,0
viao,0
wtrg,2
prif^h,0
agcuu,0
achl,0
gogo,6
ped,7
aderw,0
cohu,0
twnk,5
jmacu,0
pei^d,0
ctt,1
ufcs,0
eglx,0
dell,4
schw,8
town,0
xpaxw,0
kkr,2
awk,0
asmb,0
nxdt,0
spkbu,0
bwmx,0
hsic,0
ebs,0
ejfa,0
byrn,0
ghl,0
wvfc,0
ades,0
bsy,0
icfi,0
rckt,1
hep,4
bac,25
cnsl,0
moho,0
sga,0
vtex,0
giwww,0
pdco,0
miy,1
mgy,0
crexw,0
fenc,0
hvt,0
spwh,1
cone,7
mtbcp,0
waldw,0
caci,0
bmra,0
amtx,3
ebacw,0
atvi,5
bpopm,0
qfta,0
omc,2
asb,0
lll,21
absi,0
cmax,0
wbs,0
actdu,0
oke,1
pmts,0
nwl,0
srra,0
apvo,0
bcow,0
eog,0
rave,6
sanm,0
tcbk,0
hyacw,0
legaw,0
athe,3
rclfu,0
kmf,0
annx,0
grow,3
ejfau,0
gpre,0
hyb,0
czoo,0
fonr,0
eacpw,0
bwmn,0
lyl,0
mrai,0
kref^a,0
ntes,0
rci,0
trvn,0
ymtx,0
pebk,0
mdvl,0
oprt,0
jspr,0
banf,0
mtg,0
ccrn,0
dhcnl,0
trhc,0
cvly,0
lando,0
sgoc,0
nws,0
tmus,1
sqsp,0
lbpsw,0
cgo,0
cban,0
beke,0
beam,0
ppih,0
litt,0
bhk,0
astsw,0
levi,0
rptx,0
enob,0
covaw,0
drh^a,0
btai,0
hlbz,0
ptixw,0
glad,1
wfg,0
zim,0
sjt,0
bttr,0
cssen,0
ebet,0
xyl,1
onct,2
fbrt^e,0
docn,0
rekr,0
cytk,0
sibn,0
tgh,1
hsto,0
xos,0
kpltw,0
roseu,0
lsxmk,0
ceqp^,0
mgln,0
upld,0
etd,3
coms,0
bbdo,0
akic,0
fnko,0
winvr,0
ruth,0
ftv,0
gab,0
ccoi,0
biotu,0
strt,0
lpg,0
wba,12
aubap,0
kmb,1
mua,1
eno,6
sim,23
fds,8
bitf,0
eucrw,0
rrd,0
ryan,6
lexx,0
all^h,0
bce,5
mlco,0
claq,0
sofi,4
gpacu,0
gnca,0
byfc,2
plm,2
velow,0
aval,1
hmcou,0
ske,0
tel,9
dlcaw,0
ipdn,0
trda,0
nine,4
dmlp,0
exn,0
sitm,1
gol,2
mmc,1
brid,0
moln,0
emr,0
tzps,0
mito,0
mbrx,1
novn,2
hwel,0
jmm,0
rchgu,0
edtx,0
wbk,0
fun,7
shipz,0
svra,2
acnb,0
aptv,1
bcv^a,0
revg,0
mitc,0
sri,0
sabr,1
cass,1
drvn,0
nsprz,0
dhacu,0
mat,3
aldx,0
uptd,0
cang,1
rock,6
psfe,0
pzg,0
oriaw,0
mrus,0
adc,0
mck,0
ssti,0
himx,6
crmt,0
azz,0
dhcau,0
tsibu,0
lotzw,0
nviv,0
prph,0
ccs,2
bprn,0
brp,0
bsaq,0
owl,3
eat,18
vieww,0
vrmew,0
morf,2
celuw,0
rnp,0
axsm,0
cjjd,0
pro,26
fmbi,0
ysacu,0
ampe,1
cdns,0
ajg,0
laaa,0
hxl,0
onb,0
pnnt,0
chaa,0
bfs^d,0
tgh^b,0
bcel,2
wfc^y,0
mir,0
cfrx,0
nxc,0
ctlp,0
dxlg,1
snrhu,0
sitc^a,0
chek,1
bhlb,0
inzy,0
ampg,0
fvt,0
pafo,0
rng,1
lvox,0
agm^g,0
anat,1
banc^e,0
dxpe,0
metx,1
cigi,0
crs,1
laz,4
atri,0
mtcn,0
star^g,0
ppsi,1
vtiqw,1
wix,0
hmst,0
cbay,5
ktta,0
brkl,0
crdf,0
plym^a,0
plx,0
swssu,0
hera,1
lake,5
notv,0
echo,0
hcccw,0
prk,1
dnn,1
atvcu,0
cdr^b,0
lind,3
vst,0
btwnu,1
krny,0
tmq,0
swt,0
macqu,0
tsem,0
evlo,0
bynd,15
pfhd,0
gff,0
tbcpu,0
swetw,0
gmbtw,0
brli,0
two^c,0
snow,40
nrxp,0
vvos,0
esgr,0
otic,0
hsbc,5
cwh,0
liqt,1
shqa,0
bwen,1
timb,0
stc,3
bdtx,0
afl,17
cownl,0
shac,0
asle,0
tsib,0
jva,0
meip,0
xent,0
bac^q,0
t^a,0
cva,0
els,8
cgnx,0
igt,0
utrs,0
aveo,0
fivn,0
edf,0
pwsc,0
snex,0
gnrc,0
acn,1
wlkp,0
mvbf,0
aht^h,0
tse,0
ajxa,0
nvsau,0
ino,19
ackiw,0
ptpi,0
ptocu,0
eton,0
vhaq,0
immp,2
miro,0
cmcm,0
pdlb,0
inkt,0
civb,0
cpuh,0
olitu,0
bmaqu,0
scobu,0
vcif,0
sybt,0
muj,0
tds,2
odc,0
chwaw,0
frc,0
gntx,0
nisn,0
pvg,0
sgtx,0
bac^b,0
slp,5
gbox,0
nny,3
bbdc,0
glop^a,0
qqqx,0
shacw,0
hain,0
cube,0
bkd,0
hyznw,0
alacw,0
lmacw,0
cvi,0
lbrt,0
volt,0
twlv,0
gbr,4
caty,0
pgc,0
skin,0
ggmcw,0
mlab,0
cbrgu,0
pola,0
asm,2
edtxw,0
psa^o,0
nmmc,0
bxsl,0
skyaw,0
crtd,0
osis,0
viiaw,0
yelp,0
sava,17
bwac,0
osur,0
alin^b,0
nodk,0
et^d,0
mict,2
tcbio,0
usb^p,0
xlo,0
cmre^d,0
gecco,0
dnow,0
arw,0
dbx,10
greel,0
roll,43
novvw,0
wpca,0
htbx,0
isos,0
cry,3
vtsi,0
tcbx,0
sqft,0
agnc,4
tlmdw,0
nvs,2
sojc,0
dgica,0
rost,1
exas,1
novvr,0
trmb,0
ivr^c,0
amh,0
ircp,0
agl,0
iinn,0
stvn,0
pml,0
cstl,0
muc,1
eqc,0
dit,8
mnsb,0
noah,2
snii,0
ahpa,0
cme,39
tbld,0
aehr,0
nue,20
aqst,1
dhc,0
csx,2
cfr^b,0
fpi,0
chci,0
dske,0
wlfc,0
prqr,0
pcor,0
vuzi,1
sbny,0
lnn,0
artau,0
wltw,0
mdgs,1
vosow,0
lev,0
atom,1
dtst,0
ecolw,0
thcpu,0
dsacw,0
nbstu,0
ntp,0
ggmc,0
cvr,0
reta,4
sxi,0
slmbp,0
qfin,1
rc^c,0
sono,3
ipha,0
otecw,0
nee^k,0
gpmt,0
ponow,0
gcacw,0
unf,0
evri,2
ppghw,0
loma,0
fhn^e,0
cgau,0
asts,0
bsn,1
dbrg^h,0
mdrr,0
crbp,17
mnr^c,0
utf,0
lhaa,0
kkrs,0
ovv,0
cbd,0
tess,5
ecat,0
psa^h,0
penn,8
fgfpp,0
haacu,0
prfx,0
tmac,0
macc,0
val,63
sofiw,0
oxsqz,0
clsd,0
blw,0
qmco,0
cato,1
powrw,0
mbi,0
nee^q,0
txg,1
aeppz,0
isbc,0
semr,0
vxrt,25
ngca,0
swch,1
sncr,0
gpp,0
aht^g,0
enph,17
verv,0
rzlt,0
neph,0
bhg,0
ora,9
bhfal,0
pni,0
coty,8
ucbio,0
gmii,0
ftf,0
nee^n,0
synh,0
lesl,0
ds^d,0
nvcr,2
watt,2
rexr^b,0
uthr,0
htbk,0
nbstw,0
otrk,0
angi,0
rocrw,0
vhi,0
tbph,0
fold,0
sohoo,0
flmnw,0
nuw,0
pri,14
tlmd,0
swss,0
pme,1
dspg,0
fmivw,0
ubsi,0
cue,8
enfn,0
gjp,0
patk,0
treb,0
vmc,1
glbl,0
nrz^d,0
rcat,0
twou,0
ifmk,1
adra,0
inn^f,0
gci,1
rlmd,0
sohu,0
mcfe,1
ava,12
dbrg^i,0
ajrd,0
ftch,0
fosll,0
opt,7
tyl,0
cnet,13
chs,0
wfc^c,0
evv,0
vici,0
chmi^b,0
aqnb,0
hnst,0
noac,0
bnft,0
xrtx,0
agm^d,0
zionp,0
ddmxw,0
ttd,3
gjh,0
bmtc,0
nref^a,0
trtx^c,0
aurcw,0
avnw,0
aio,1
lmaca,0
dlng^b,0
lvoxu,0
rba,0
ahpi,0
etx,1
anik,0
hpk,0
rxt,1
clsk,6
icch,0
bwcaw,0
nvax,28
bhb,0
nmi,1
pucku,0
amtbb,0
trc,0
prlb,1
amwd,0
spwr,33
iclk,0
vmo,0
sats,4
wwr,0
rev,7
sien,0
vera,0
vmd,0
esscw,0
fmy,0
mlm,0
cssep,0
mots,0
atcol,0
sho,1
ptc,0
niu,7
sna,6
rmcf,0
ghc,0
eac,1
pstg,4
scobw,0
rdus,0
lhc,0
vnda,0
prbm,0
svfb,0
ccm,1
elvt,0
skil,0
vive,2
cix,0
ftrp,0
ctdd,0
gden,0
hrc,0
imrn,0
vlypo,0
bwc,0
linc,0
imab,0
ibm,6
dsaq,0
hlf,0
cms^c,0
txn,2
btx,0
zbra,0
prof,0
dac,2
aftr,0
bjri,0
hst,1
actdw,0
shqau,0
hymc,0
pfmt,0
jbht,0
nlitw,0
clvt^a,0
mimo,0
bpypo,0
ntco,0
msd,0
nmih,0
xpel,0
apsg,0
tdc,0
tcva,0
thrx,0
wnw,1
eresu,0
fcco,0
tpta,0
teva,11
inse,0
gpl,2
tcacu,0
aqb,3
glta,0
hbb,0
edn,0
hlt,0
dhhc,0
fof,3
lwlg,0
aaon,0
expd,0
nev,4
vrm,5
vrtv,0
duneu,0
wes,13
istr,0
chuy,0
cvac,3
cvbf,0
blue,2
evg,0
info,34
shi,1
hbio,0
sccc,0
path,2
apwc,0
cwen,0
pae,0
aeis,0
srg,1
batra,0
dxc,3
syna,0
ftviu,0
sivb,0
save,50
ainv,0
inab,0
supn,0
krtx,0
lqda,0
arbg,0
kldo,0
idxx,0
fna,0
arce,0
asaxu,0
maa,4
codi,0
adex,0
svfa,0
giwwu,0
bway,0
cano,0
joan,0
spxc,0
axon,1
brsp,0
cmtl,0
rwt,1
nrk,0
enr^a,0
okta,1
fbiop,0
gbl,0
ccap,0
zeta,0
amnb,0
cev,0
trns,0
lvo,0
koss,139
sncy,0
fhtx,0
bgh,0
trv,1
ht^d,0
fsrx,0
kiiiu,0
avtr,0
poai,0
ardx,0
vbf,0
clvr,0
eryp,0
vmgau,0
awre,0
indi,0
foxw,0
sbcf,0
rwlk,0
fwona,0
btaqu,0
ncv^a,0
mod,4
elmsw,0
flag,2
ocdx,0
conx,0
hepa,0
rocc,0
aes,63
rigl,0
scaqw,0
ssnt,0
abeo,2
ds^b,0
rkly,0
nrp,0
iiii,0
pstx,0
bma,0
cio,1
ivc,0
ozk,0
pbip,0
igac,1
riot,80
tkno,0
uboh,0
prvb,2
nxj,0
ostk,4
mxct,0
msdaw,0
tol,2
aud,5
gpro,16
pba,1
pfie,0
bon,9
proc,0
fedu,0
luna,1
aht^i,0
gco,0
pdi,0
vrca,0
ivt,0
all^g,0
sabsw,0
rmbs,0
bsl,0
eqbk,0
sph,1
evojw,0
aiz,0
pik,1
matw,0
laur,0
neti,1
lgv,0
bgfv,0
dbrg^j,0
mufg,1
nstb,0
xpoa,0
cpf,0
dtla^,0
oflx,0
suns,0
belfa,0
tcs,0
viaca,0
nstc,0
ftaau,0
incr,0
jps,0
trtx,0
wisa,0
abtx,0
twlvw,0
door,8
strm,0
cash,1270
tcacw,0
pegru,0
soph,0
nrz^a,0
hog,12
slgc,0
seer,19
agba,0
nwsa,0
cai^a,0
lgi,0
clvt,0
nmco,0
ford,43
eftrw,0
fora,7
rlgt,0
qtrx,0
rza,0
amph,0
chef,1
glop^c,0
gxo,0
sera,6
bw^a,0
ffc,0
mux,3
tjx,2
ssaau,0
dogz,0
cphc,0
bcab,0
cxw,0
onew,0
agio,0
cfv,0
talo,1
svnau,0
hpe,0
autl,0
stn,1
ttgt,0
nxst,0
evlvw,0
psn,0
twi,1
cere,6
asrv,0
exg,0
sytaw,0
ostru,0
orcl,4
reph,0
kffb,0
opnt,0
nbb,0
bac^p,0
bmea,0
rnst,0
ggz^a,0
pixy,0
wwd,0
stim,0
irs,5
nhs,3
bbw,12
opbk,0
psa^k,0
wyy,2
plmr,0
kprx,0
amp,5
krbp,0
mnsbp,0
tmpm,0
vno^o,0
rga,1
cney,0
nee,83
sum,1
agfs,0
gilt,0
jatt,0
cwbr,0
knsl,1
kbnt,2
litb,0
iiiiu,0
urgn,0
chpmw,0
sgh,1
res,20
hznp,0
twks,0
bhr^d,0
pgen,4
brfs,0
staa,1
bgsf,0
gfl,0
ssnc,0
tpx,0
eea,2
bener,0
phd,0
ear,7
cpt,0
pcsa,0
gamc,0
brezr,0
avacu,0
aplt,0
fvcb,0
telz,0
aain,0
opfi,0
src,9
shc,0
tte,14
nm^h,0
ttsh,0
ael^a,0
ichr,0
lgvn,0
pfd,2
ftci,0
evfm,0
sasr,0
tivc,0
arna,1
hcic,0
btcs,0
nmtc,0
gsaqu,0
schw^j,0
syy,1
acrs,0
eosew,0
bcrx,18
mrk,6
cmmb,0
hzn,0
ztr,0
fss,0
tast,1
plg,2
gmvdw,0
imgo,0
puckw,0
hson,0
sfe,0
njr,0
mkfg,0
apa,3
rsvr,0
nsit,0
ntct,0
evgow,0
tvac,0
erf,0
bhil,0
uhs,0
rushb,0
mnov,0
lvraw,0
fitbo,0
vlt,0
odp,0
motv,0
heq,0
cvii,0
sbr,0
cifrw,0
invz,0
iht,0
jrsh,0
kyn,0
ghld,0
newt,0
bta,0
tgb,0
brks,0
fhn^b,0
artw,0
jpm,12
sage,0
cnta,0
verx,0
avro,0
selb,1
lgl,0
ngcau,0
chpt,0
tdy,4
lmrkp,0
dcrnw,0
spi,2
flxn,0
iag,1
tpgs,0
optt,1
esmt,0
nstd,0
swetu,0
ely,13
abcm,0
lstr,0
tti,5
ipvf,0
ppd,0
apo,5
hsdt,0
bkng,0
vpg,0
gtls,0
rrbi,0
peb,0
ffa,1
upc,0
fhltu,0
sunw,2
rgp,0
wec,2
bf/a,0
eccx,0
udmy,0
prta,0
aqnu,0
bldew,0
ms^a,0
ggn^b,0
strn,0
peb^h,0
ulh,0
fssi,0
svt,0
wald,0
hckt,0
mcae,0
uve,64
jro,0
vhc,0
tkc,0
iqv,0
frog,0
sbfg,0
pnw,0
bep^a,0
twn,0
eras,2
bark,0
cbfv,0
nuo,0
tannl,0
gnln,1
sgms,0
crf,0
pdex,0
oscr,0
epac,0
mdgl,0
aaoi,0
frst,0
alks,0
ocsl,0
rdbx,0
edncu,0
htpa,0
wilc,0
mcaau,0
xpo,0
bpth,0
peo,2
tbnk,0
gromw,0
caj,0
impl,6
rprx,0
mcrb,4
adtn,0
xel,0
atus,2
hyac,1
bto,4
ezgo,1
ngg,0
usb^r,0
cwan,0
mitq,0
gsqd,0
ree,57
lway,0
whr,1
asxc,0
nrix,0
eocw,0
iiiiw,0
wash,21
ghg,0
inta,0
bctxw,0
ctbb,0
fpac,0
blu,1
crl,0
ipw,0
ednc,0
apto,1
hrtg,0
sierw,0
mmt,0
rlay,0
slgl,0
azre,0
ntr,0
psb^y,0
arlp,4
envi,0
cmltw,0
ulta,4
sndr,0
vvi,0
bep,44
bntx,7
gggvu,0
stz,4
emkr,0
gdot,0
atxs,0
mxf,0
bak,2
eose,1
hccc,0
crto,0
kxin,2
vmeo,0
mnr,0
bgio,0
vcv,0
viv,4
mnmd,0
ptrs,0
iesc,0
jwsm,0
hri,0
gsmgw,0
cvet,0
tmcww,0
prpc,0
atlo,0
oca,0
macuu,0
jhg,0
chtr,1
pep,7
blcm,0
pfs,1
ruby,0
mfc,1
cmt,0
ciig,5
fhn^c,0
nvvew,0
agm^e,0
avtx,0
kfs,1
lmdx,0
reveu,0
vcxa,0
rovr,0
ipod,0
iva,3
cdmo,1
frd,0
disca,6
efoi,0
snn,0
sbgi,0
fitb,0
fosl,0
wstg,0
sho^h,0
frgi,0
ms^o,0
frsh,0
inve,2
fnb,0
sfb,0
qiwi,0
shop,20
taca,0
axti,0
vgii,0
adbe,1
kmph,0
jfr,0
meac,0
vfc,0
wina,0
gxii,0
pbctp,0
acevw,0
cpng,0
lsf,0
lii,0
bry,1
snrhw,0
vips,0
dgns,0
djco,0
sfet,0
ubfo,0
mhf,0
stor,7
enx,0
cohr,0
geos,0
powl,0
psf,0
chk,0
aese,0
vtiqu,0
cbnk,0
weav,0
cnf,0
mqt,0
quik,0
bysi,0
pavm,0
mass,2
verbw,0
lmst,0
cyrx,0
stro,0
tpvg,0
cenqu,0
hon,1
omqs,0
myo,0
opp,1
bkr,0
splk,3
cofs,0
ffwm,0
saft,0
mpacw,0
veev,0
usb^q,0
giprw,0
fultp,0
emf,0
lcapu,0
flng,0
zgyhr,0
splp,0
usas,0
xbiow,0
sid,1
gbrg,0
sybx,0
onds,0
twnt,0
leds,0
arbgw,0
alv,0
zeal,0
fpl,0
ldos,0
niq,0
sach,0
mogo,0
hayn,0
ben,5
ogs,0
bmez,0
pypl,29
vktx,0
evgn,1
vne,0
xncr,0
nbev,1
sglb,0
swks,1
htd,0
srlp,0
tfx,0
ags,2
cib,1
mcagu,0
mcg,0
tgvcu,0
clnn,0
rad,27
aeacu,0
ibtx,0
nbix,0
clayw,0
fif,0
ithxu,0
entx,0
vvv,1
vvnt,6
rpay,0
dcue,0
rig,11
glv,0
sdig,0
itqru,0
pgr,2
agbar,0
cparw,0
gdevw,0
arr^c,0
vcxau,0
dtf,0
teo,0
znteu,0
suz,0
cost,7032
foxf,0
gan,5
bwacw,0
bip,1
fnvtu,0
fti,0
lfc,0
phar,0
afcg,0
brcn,0
enfaw,0
flme,0
pdd,2
bamr,0
kfy,0
dare,3
ktn,0
wen,10
nymtn,0
denn,1
rammu,0
mtdr,0
ms^k,0
sf^b,0
dhcni,0
gmbl,0
pjt,0
seco,2
prt,1
star^d,0
ppt,0
ubp^h,0
cxm,0
rc^e,0
byd,3
sdc,6
fore,2
boe,11
ncv,0
smts,0
ntrs,0
sce^h,0
ssbi,0
ipof,2
axnx,0
sdacw,0
psb^x,0
corr,1
pxlw,1
slng,0
novv,0
pntm,0
met^a,0
pdsb,0
bip^b,0
sdpi,0
gtpbw,0
pbf,5
comsp,0
swav,0
kopn,2
lee,20
lbtya,0
gnpx,0
gpor,0
nbtx,0
trtn^c,0
swkh,0
eqos,0
regi,0
ppta,0
mmd,0
apei,0
tph,0
mtl,0
tmbr,0
biotw,0
mgyr,0
mntsw,0
rsvrw,0
snax,0
palt,0
zivow,0
ssb,0
pyr,0
bbd,3
glu^b,0
lmdxw,0
arguu,0
qcom,2
ship,9
lrfc,0
reax,0
cmct,0
fnwb,0
iivi,0
airc,0
dpcsu,0
ttoo,0
bud,1
cfiv,0
hlit,0
bili,5
fsi,0
itgr,0
ksu,0
gtpa,0
cubb,0
atvc,0
fst,6
fmnb,0
paqcw,0
isd,2
skya,0
aci,5
mdt,1
vno,0
avy,5
rnr^g,0
ljpc,0
eng,12
rrgb,0
bnixw,0
vnom,0
bsrr,0
twnd,0
agm^c,0
ssaaw,0
tho,1
gmre,0
smci,0
cyrn,0
hbi,0
prts,2
mhla,0
aurow,0
evm,0
sqftp,0
mbuu,0
mfd,0
cfvi,0
kinz,0
soho,0
ontf,0
otly,1
plus,26
iso,1
pmgm,0
enjy,0
idn,0
eqh^c,0
dswl,0
ftnt,2
xin,0
ssss,2
nxr,0
blngw,0
pets,14
nkla,71
zgyhw,0
sblk,0
fhn^d,0
clsn,2
ejh,0
comp,6
bcat,0
rpt^d,0
sdac,0
lhx,0
crxtw,0
ctk,0
wiw,0
algn,2
albo,0
cig,1
ddt,0
gwre,0
imbil,0
gnk,0
aumn,2
opra,1
csr^c,0
mynz,0
rnr,3
fmao,0
clls,0
ltry,0
sieb,2
wfc^z,0
dmaqu,0
bsbr,0
svm,1
lmrko,0
bhse,0
kron,0
dbdru,0
ncmi,0
clbt,0
mbino,0
hofvw,0
valu,3
fccy,0
gvciu,0
fco,0
irwd,0
mfl,0
rnw,0
htgm,0
myj,0
scoa,0
rvsb,0
ugp,0
bfriw,0
chmi,0
inpx,4
ltrpa,0
enz,0
pzn,0
eaf,0
ceva,2
frey,0
rgf,0
akba,1
ithxw,0
pzc,0
sbra,0
acro,0
xomao,0
dgicb,0
rfi,0
avgr,3
belfb,0
pld,1
pnm,0
ulbi,0
cyad,0
yext,0
soln,0
mrcy,0
hrow,0
pow,3
uswsw,0
lthm,4
ldp,0
prs,1
kernw,0
sgu,0
cfx,0
ccep,0
snfca,0
gds,0
iccc,0
sui,1
wrap,2
snx,0
spr,2
ggal,0
ble,5
liii,0
sigip,0
nom,7
utme,0
wcc^a,0
anvs,0
fcrx,0
wrac,0
ghac,0
aesc,0
ddf,0
mgic,0
jpc,0
awx,0
aimc,0
tcmd,0
vosou,0
expo,0
ccne,0
ghacu,0
cffe,0
ysg,3
cffvu,0
daio,0
bctx,0
cyn,0
sanb,0
spkbw,0
atra,0
splp^a,0
srne,8
mant,0
sanbw,0
rive,2
bfra,0
pypd,0
seat,12
fwrg,0
asz,0
adc^a,0
nee^p,0
lspd,0
dhil,0
ormp,0
rxst,0
abos,0
dcp,0
ader,0
alsn,0
dnli,0
ftviw,0
ephyu,0
hfc,0
libyu,0
tyme,8
inbk,0
mxl,0
mbinp,0
qtwo,0
bcac,0
cik,0
nhtc,0
krnl,0
hmcow,0
stgw,0
ladr,0
cresy,0
toacu,0
sotk,0
nrz^b,0
cptal,0
imnm,0
wkme,0
rds/b,0
tbi,0
rmti,0
ggt,0
xosww,0
nsa,0
ifs,1
gamcu,0
ltrpb,0
agr,0
mwa,0
expr,165
spg^j,0
eti^,0
din,4
elox,0
iim,1
dlng^a,0
gggvr,0
snse,0
cetxw,0
rcrtw,0
ftk,0
nnbr,0
mdrrp,0
oxlcp,0
vpv,0
plby,0
fwonk,0
peb^g,0
ccd,0
rmpl^,0
fwac,0
apyx,0
pbhc,0
orrf,0
acet,0
wrk,0
eai,0
tga,0
szc,0
sbeaw,0
ltchw,0
freq,0
hbanp,0
lulu,5
cta^a,0
stld,4
ukomw,0
slf,1
ctxrw,0
fts,1
mtem,0
otrkp,0
mgtx,0
frc^l,0
apac,0
rere,16
lizi,2
wtru,0
rocru,0
metc,0
phvs,0
bltsu,0
tffp,0
infy,2
fmbip,0
bdsx,0
awh,0
alfiw,0
bmaq,0
bngow,0
sls,3
uht,0
chn,0
aray,0
ggpi,0
pphp,0
cbl,2
spfi,0
mcy,0
sre,9
tsvt,0
borr,0
bfc,0
cdw,0
hvt/a,0
bkkt,0
ms^f,0
tpl,0
reto,0
iac,0
asps,0
hlio,0
vrrm,0
noacw,0
doma,0
dco,0
lxp^c,0
kmi,3
mudsw,0
epd,1
capr,0
glq,0
tvty,0
agilw,0
xom,13
tsi,2
levlp,0
fpf,0
lcapw,0
tcrx,0
xpev,54
sclew,0
apo^a,0
cuk,2
cgrn,0
idw,0
domo,0
clvrw,0
qli,0
clir,3
gsbc,0
gato,1
mpwr,0
nmt,0
bros,0
wbs^f,0
abr^f,0
supv,0
esnt,0
agncp,0
afib,0
cold,10
fnhc,1
mco,0
chy,2
mdwt,0
nwpx,0
pcg^g,0
repl,0
claqr,0
ohaau,0
kbh,0
gblil,0
reeaw,0
acii,0
vmacw,0
ztaqu,0
bdsi,0
mntk,0
arl,0
bbsi,0
mdrx,0
arcb,0
ltc,16
pcg^b,0
frme,0
ndac,0
fvrr,1
tyra,0
pvh,0
ocax,0
auudw,0
fisi,0
lvs,7
nuvb,0
eqha,0
ftai^b,0
amx,0
embk,0
ram,36
ns^c,0
ensg,0
nymtl,0
desp,0
axl,2
cloeu,0
idya,0
rbot,0
amcr,3
biib,5
mndo,0
qtt,2
stt^g,0
spok,0
agri,0
iaf,0
bokf,0
frsg,0
nvg,0
ash,4
hpp,1
sfun,0
islew,0
nymtp,0
arct,2
bene,0
avd,0
aggrw,0
edry,0
gobi,0
cdzip,0
esrt,1
hth,3
unfi,1
corr^a,0
ccb,0
dfh,1
hiiiw,0
metxw,0
amd,177
aer,2
sqns,0
bcov,0
pbi^b,0
eyen,0
twtr,37
dfin,0
ngl^b,0
csl,0
gdev,0
lbps,0
vrar,0
actd,0
lbrdk,0
ldha,0
cffn,0
zwrk,0
mca,1
mag,2
rsss,0
acahu,0
knte,0
anip,0
eod,1
vsco,0
mlss,0
apg,0
zto,0
ggb,1
cae,30
cepu,0
vrna,0
frc^h,0
lbtyb,0
frlau,0
posh,0
bc^c,0
lorl,0
lcaa,0
groy,0
alpp,9
stag,0
gth,0
usac,0
bac^k,0
erie,4
vgz,0
agen,5
azn,4
ftcvw,0
slnhp,0
zdge,0
infu,1
gia,4
hymcl,0
goev,44
lft^a,0
oxac,0
lilmw,0
lyft,14
cdtx,0
aht^f,0
jmpnz,0
xcur,0
cubi^f,0
mcw,0
inuv,1
dtb,0
pstv,0
adpt,0
bdr,0
ecor,0
swir,0
lqdt,0
ipaxu,0
zivo,0
cntb,0
ugro,0
coe,21
wfc^r,0
lfst,0
csgs,0
avdx,0
kalu,0
fmivu,0
tfc^o,0
lhcg,0
mttr,0
cphi,0
mgni,45
rilyo,0
irnt,0
scob,0
phiow,0
infa,0
revhu,0
cim^c,0
sngxw,0
msb,0
plya,0
cuen,0
oxlcl,0
nracw,0
solo,64
wire,7
claa,0
otlkw,0
vrdn,0
cts,1
dis,58
csr,1
taop,0
kala,0
blng,0
box,6
grin,0
brw,0
ntrbw,0
seah,0
hmhc,0
rocr,0
aurcu,0
infi,0
strl,0
biph,0
tanh,0
afaqu,0
roic,0
zev,0
fmx,0
chscl,0
fgbip,0
imxi,0
ottr,0
sunl,0
ubx,0
sln,0
gbnh,0
icvx,0
asrt,0
gjo,0
stxs,0
hrzn,0
sbeau,0
plrx,0
bam,5
dbdrw,0
scor,0
ewbc,0
hty,0
mbwm,0
hes,13
hfro,0
jobs,6
smih,0
pcq,0
bkt,0
baos,0
ms^i,0
kahc,0
bur,0
www,37
rytm,0
inmb,0
bldp,6
futu,4
dxcm,1
cznc,0
lucd,0
pond,2
glaqw,0
zeus,0
alzn,0
cbsh,0
skm,0
atip,0
msex,0
inkaw,0
abr,4
usb^h,0
sbac,0
svfc,0
imh,0
gs^a,0
newp,0
jcicu,0
dtstw,0
dwsn,0
bgi,0
gnty,0
nakd,316
ldi,0
crex,0
heraw,0
pdfs,0
gldg,0
tscap,0
vicr,0
gwh,0
atnx,0
mrcc,0
ephy,0
dyai,0
arr,6
foxww,0
aamc,1
twni,0
plce,2
sbi,0
iep,0
ngl,2
ptnr,0
thrn,0
btn,1
vynt,0
gild,13
avid,0
kmx,0
fwp,0
labp,0
kod,3
strc,0
xfinu,0
vnrx,0
ntus,4
unam,0
pki,0
aqn,1
hlly,0
nsr,0
tfc^r,0
xoma,0
scph,0
refr,0
clgn,0
otlk,0
azpn,0
airg,1
hmc,2
pvbc,0
afgc,0
fraf,0
ndls,0
nwe,0
crox,2
mrns,0
bcsau,0
duk^a,0
bhat,2
dcp^b,0
vssyw,0
gte,11
base,10
amrs,7
nxgn,0
pfn,0
ovid,0
pacw,0
imcc,0
mpa,0
spt,1
tngx,0
rxrx,0
cmco,0
ande,0
gacqu,0
iii,143
airs,0
rxra,0
etwo,0
mfh,0
kkr^c,0
haacw,0
codi^c,0
vrsn,0
uonek,0
pesi,0
drna,0
rgnx,0
wavc,0
unp,0
bcx,0
chd,1
tdg,0
dhy,0
hymcz,0
crc,0
afrm,3
sig,3
atex,0
mtac,0
ntap,0
bgt,0
hlmn,0
wprt,0
tnp,0
bgryw,0
dmf,0
atvcw,0
klr,2
oblg,2
htoow,0
vjet,0
afi,5
stwd,0
hcicw,0
meacw,0
tugc,0
bgsx,0
thff,0
wtt,0
alacr,0
uis,0
dsey,0
lsxmb,0
vsh,0
eex,1
ibcp,0
nsp,0
psa^n,0
dtss,0
humaw,0
moncw,0
pru,8
cslt,1
vmac,0
sint,0
arc,4
cms^b,0
anf,2
disck,0
mmyt,0
aciw,0
unma,0
eqr,0
panw,0
bsm,0
atrs,0
ptix,0
vlgea,0
blfs,0
ess,25
dxr,1
amci,9
clbs,0
fsv,0
ain,7
ltryw,0
arnc,0
egy,2
tars,0
mfg,1
mlr,0
cctsu,0
sgrp,0
emo,2
odt,0
sumo,4
cmps,0
dbvt,0
bbgi,0
xmtr,0
advww,0
lly,2
fat,6
stra,0
arrwu,0
mkc,1
wrn,0
mtacw,0
pyt,0
botj,0
swk,0
wsfs,0
rog,0
swag,0
scco,0
evgo,0
abst,0
igms,0
capl,0
tls,4
bst,0
igic,0
olk,0
dbrg,0
audc,0
vwtr,0
sivbp,0
loop,1
cal,21
amtb,0
nlsp,0
hmg,0
lin,9
dbd,2
ful,28
pmf,1
mec,1
strr,0
dcrc,0
tsp,0
nabl,0
geccm,0
brx,0
cook,1
esgro,0
twcb,0
mlvf,0
fkwl,0
wimi,1
appf,0
mit,26
cpsh,3
aezs,5
fate,3
elev,0
msc,0
shls,0
opof,0
mmmb,0
rezi,0
bwcau,0
cpri,0
aos,5
oncy,0
mdna,0
tmci,0
cyan,0
trmr,0
fybr,0
usdp,0
vrts,0
dvn,3
coll,8
wor,1
itos,0
petq,0
verb,0
srax,0
nstg,2
ctrm,48
nov,389
oii,1
dcomp,0
opad,0
sanw,0
tlga,0
lci,0
spne,0
heps,0
onyxu,0
shyf,0
rollp,0
nimc,0
pbla,0
scwx,0
imte,0
kai,0
cfxa,0
hubg,0
gnus,109
quad,0
slcr,0
glee,0
pbbk,0
chrb,0
kids,3
lyg,0
ndsn,0
didi,2
hut,0
huya,4
gut^c,0
xpax,0
uzf,0
scoaw,0
slcrw,0
clvs,5
thrm,0
gsev,0
nhc,0
acv,0
mitaw,0
pbfx,0
psa,0
utsi,0
chkew,0
wdfc,0
clf,6
hfro^a,0
rblx,0
tci,0
poly,0
ieaww,0
slqt,0
pii,0
hkib,0
rkta,0
omeg,0
ensc,0
myd,0
tap,49
woof,2
eprt,2
egrx,0
stsa,0
sieru,0
abcl,1
blbx,0
opinl,0
frxb,0
arlo,0
armp,1
medp,0
buse,0
paa,1
cade,0
chgg,3
plow,0
job,9
pnf,0
adt,0
bsfc,0
grfs,0
pmo,2
rely,3
oxacu,0
pwppw,0
tsq,0
cdxs,0
btb,0
glbz,0
glw,0
kymr,0
mbac,0
hgh,0
brag,0
acbi,0
happ,0
pbaxu,0
genc,0
rgls,0
hrt,0
cgc,17
thcau,0
gtx,0
weys,0
agtc,0
hgv,0
nms,1
fsrxu,0
lanc,0
cboe,13
dwac,0
cnq,0
ipi,0
fls,0
dxyn,0
kwac,0
nmg,0
stcn,0
nfg,0
onem,0
fhb,0
gene,8
rdn,0
crzn,0
gdo,0
mfin,0
kair,0
entfu,0
bbig,1
zgyh,0
rhi,0
ramp,0
nltx,0
hcwb,0
mar,230
svsvw,0
lgnd,18
algt,0
orla,0
crsr,200
gbrgr,0
krt,0
aeg,2
phio,0
net,712
otis,2
bhtg,0
pwod,0
ecol,0
oxusw,0
tioaw,0
cmltu,0
tfc^i,0
nrds,0
bidu,8
psti,0
musa,0
atlcp,0
jupww,0
fzt,0
noa,0
ty^,0
bym,0
fmbio,0
bbcp,0
akicw,0
silk,0
ebmt,0
prm,0
scl,2
fsii,0
shacu,0
acmr,0
dhca,0
fmo,0
csiq,1
tup,3
crbu,0
aspcw,0
snpo,0
sb^c,0
tsha,0
htld,0
sesn,0
bac^m,0
tnet,0
xpof,0
fury,0
rvmd,0
bah,0
xbio,2
akro,0
nvts,0
cizn,0
apr,204
bjdx,0
sach^a,0
etsy,7
cmctp,0
indb,0
pgp,0
trgp,0
avte,0
agrx,3
rgr,0
ohpaw,0
mon,15
pwfl,0
cto,2
jef,0
ston,1
ffiew,0
jout,0
dyn,0
vff,5
bbio,2
gtpbu,0
bdl,0
hlahu,0
htlf,0
ssy,1
nymx,0
blkb,0
clh,0
cpk,0
oncs,0
igny,0
psa^p,0
dtil,0
aaww,0
cgen,2
ares,6
joff,0
mogu,0
spir,0
sce^j,0
dtp,0
hcii,0
trib,0
wrb,0
pfe,102
enj,0
cogt,0
nfgc,0
alto,0
alx,0
crznu,0
logi,1
lrn,0
prsr,0
peg,7
ldhaw,0
hear,5
wnc,0
sqllw,0
isdr,0
bwg,0
ldhau,0
ambp,0
phicw,0
otec,0
rlj^a,0
ainc,0
kaii,0
wint,0
acxp,0
agncm,0
advm,0
cru,0
cflt,0
jhs,1
jeq,0
best,242
t^c,0
wldn,0
tekku,0
dynt,0
mbinn,0
gss,0
pci,0
vln,0
ctxs,0
igd,0
nexa,0
ssaa,0
asgi,0
gprk,0
epzm,2
zixi,0
bhe,0
fbc,0
hca,0
intu,0
cpsr,0
vzio,0
fitbi,0
gtes,0
natr,0
gtacu,0
qnst,0
goodn,0
rmt,0
rex,0
pfdr,0
dray,0
imra,0
whlrl,0
mgnx,0
arbk,0
ftcvu,0
dnut,0
dcp^c,0
sify,1
fcuv,0
clps,0
avxl,3
bcml,0
lca,5
slca,1
unvr,0
ffhl,1
spg,4
wkspw,0
bli,0
glhaw,0
ptct,0
trn,0
bui,0
tgp^a,0
crhc,0
szzlu,0
pra,2
fast,2
bzh,0
cnd,1
jwn,6
bc^b,0
asc,1
nmrk,0
gdl,0
cull,2
dgly,3
osatw,0
sbt,0
amgn,4
cdor,0
utz,0
cuba,0
cvco,0
fronw,0
iosp,0
nclh,18
disa,1
ety,4
qsr,0
ffiv,5
gflu,0
jgh,0
dlhc,0
cxh,0
tndm,1
zion,1
ubcp,0
sstk,0
kind,0
vtru,0
dar,0
til,8
mpln,5
paeww,0
msci,11
rnr^f,0
hsy,0
mdh,0
zvia,0
lpx,0
shlx,0
lxeh,0
cxdo,0
dnmr,2
blx,0
acre,1
cdlx,0
wex,0
glspw,0
vckau,0
chmi^a,0
iiin,0
ncno,0
jpm^m,0
ksicu,0
mtal,0
hive,2
mhh,0
smsi,0
brlt,0
bhvn,0
ppghu,0
nex,0
anzuu,0
vld,0
lad,16
lmfa,9
abio,0
rdfn,1
txt,0
gmblw,0
pacxu,0
ikt,0
jupw,0
wsc,0
pmt^b,0
vlo,0
ycbd,1
glmd,0
gtim,0
cma,0
cldt^a,0
atsg,1
c^j,0
hal,12
kodk,15
ganx,0
lite,4
ofix,0
lac,12
spkb,0
nxp,0
oiim,0
abgi,0
glob,2
itrg,0
avpt,0
brds,0
svfaw,0
lrmr,0
cffi,0
pahc,0
mei,1
bny,0
sacc,0
asnd,0
rgs,0
mcri,0
fmbh,0
logc,0
nvfy,0
stfc,0
blnd,0
tnp^d,0
cmre^b,0
caf,1
vena,1
dcgo,0
biox,0
bvs,0
cala,0
vacc,0
eols,0
dbl,0
ndacu,0
sbtx,0
dfp,0
cdaqu,0
ten,8
mntx,0
siri,11
mpx,0
pcctu,0
gsky,0
avhiu,0
gfi,0
lexxw,0
tbcp,0
tru,3
syn,31
dao,0
cno^a,0
cof^h,0
gmda,1
usak,0
drh,0
idt,0
bimi,0
hlah,0
fanh,0
asaq,0
optn,0
gdv^h,0
nhi,0
sklz,16
bkcc,0
gsl,0
spnt,0
igc,4
bnix,0
onon,0
ecc,0
amst,0
ggg,2
apog,0
hsaq,0
gkos,0
lbc,0
avgop,0
nep,1
prtc,0
maa^i,0
fatbw,0
msdau,0
turn,13
cyxt,0
csta,0
prtg,0
agcb,0
mcmjw,0
scleu,0
cmpi,0
pcvx,0
tzpsu,0
ibn,2
rexr^c,0
ppbt,1
cubi^e,0
rlj,0
bkep,0
gbli,0
eqh^a,0
imaqu,0
rlx,0
ayi,0
uri,0
vckaw,0
adil,1
glblu,0
bcbp,0
mcd,2
mrbk,0
antm,0
axr,0
twcbu,0
foxwu,0
bbn,4
teck,0
ipwr,0
brk/b,0
mpaa,0
brogw,0
cim^d,0
crd/b,0
poww,10
pavmw,0
rf^b,0
alcc,0
mbtcu,0
cade^a,0
orgs,0
jack,3
hone,1
myn,0
arye,0
igr,0
dhr^a,0
eman,0
usna,0
blsa,0
mysz,0
tmst,0
apmi,0
cocp,0
amwl,2
aod,0
cswi,0
brpmu,0
vmw,5
key^i,0
ivz,1
ally,12
bhacu,0
mmlp,1
dunew,0
blbd,0
axla,0
tsco,0
ugi,0
abev,1
arrw,0
bioc,1
cers,1
pntg,0
leap,0
sand,3
ryb,0
stxb,0
psmt,0
mav,1
glu,1
bmi,0
cclp,1
zionl,0
lftr,0
mmp,0
cplp,0
ns^a,0
schn,0
podd,0
znga,13
elmd,0
hql,0
tsn,2
fsd,4
bpypn,0
tile,4
ifbd,0
glaq,0
evoj,0
zyxi,0
dtw,0
faf,0
aspn,0
finmu,0
dpw,4
esbk,0
akts,0
avav,0
goco,0
xomap,0
lzb,1
ms^e,0
rily,0
bhv,0
dada,0
hims,11
cnfrl,0
tatt,0
all^i,0
prgs,0
qubt,0
arcku,0
hlmnw,0
wttr,0
lfmd,0
ppgh,0
bfst,0
gure,0
hrb,1
ctos,1
tectp,0
brlir,0
fgf,0
frta,0
merc,0
acbaw,0
cnfr,0
sevn,0
slg^i,0
fsfg,0
cps,1
hlxa,0
rklbw,0
bbva,0
vapo,0
opi,0
insw,0
mtn,2
edtk,0
leu,0
maxn,5
wtfcp,0
ostrw,0
rneru,0
slamw,0
crct,0
mnpr,0
mpw,0
ctlt,1
esq,0
tac,2
htlfp,0
myfw,0
gacqw,0
mgf,0
rbb,0
et^c,0
mdb,0
dukb,0
doc,0
hbnc,0
claqw,0
vldr,23
hcviu,0
tufn,0
aura,0
tgh^a,0
gass,0
cli,1
srga,0
accd,0
agcww,0
kamn,0
auph,13
kos,4
vcra,0
eigr,0
schl,1
nrdy,0
goro,1
hmlp,0
dgx,0
zepp,0
etrn,0
fron,1
imv,0
yvr,0
hcne,0
pbct,0
mtrx,0
rusha,0
ycbd^a,0
giacu,0
mta,1
btwn,0
blze,0
dltr,0
pkbk,0
mktx,0
btrs,0
vsacu,0
bnl,0
ufpi,0
sor,6
vbfc,0
hees,5
adn,0
halo,3
alin^e,0
ter,7
warr,0
aame,4
cthr,0
oriau,0
bskyw,0
uamy,0
swz,0
nxtc,0
lnth,0
stg,4
ilpt,0
tphs,0
atxi,0
paya,0
glaqu,0
srcl,0
oxlc,0
flxs,0
cpar,0
fcnca,0
por,17
aptmu,0
fei,3
mkl,0
nvee,0
lptx,0
jfu,0
tgtx,0
gpcow,0
ssd,1
dty,0
mhld,0
cybe,0
kep,0
min,45
puyi,0
tcn,0
alp^q,0
rkda,0
car,12
epr^e,0
apo^b,0
kim^m,0
sskn,0
mitk,0
bap,0
coo,11
gmiiu,0
ampl,0
dri,1
pdt,1
jazz,1
gs^d,0
chkp,0
macau,0
lbtyk,0
mio,1
nsec,0
nqp,0
mbcn,0
fdbc,0
evoju,0
wrb^e,0
gainn,0
ravn,4
nerv,0
nlspw,0
gogl,1
hcar,0
svvc,0
btrsw,0
fusb,0
virt,0
wave,3
psa^i,0
hcccu,0
jblu,1
ards,0
lidr,0
glop^b,0
dbdr,0
mxc,0
rjf,1
gain,1791
ata,14
gnw,1
myi,0
gthx,0
slgn,0
fdmt,0
agle,0
gtbp,0
unh,3
kelya,0
cnobp,0
jfin,0
enva,0
wafdp,0
tree,11
hbm,0
cloer,0
rok,1
phas,1
agc,1
ster,0
bnnrw,0
nca,0
mcaeu,0
dish,1
pmvp,0
cetxp,0
east,5
nuze,0
sol,9
alk,3
itq,0
ckpt,0
ero,1
herau,0
essc,0
dsac,0
klic,0
ebc,0
wms,0
allk,0
fxnc,0
vale,93
hcm,0
clro,0
agm,0
ogen,3
slm,0
thmo,0
cei,8
tcon,0
hnp,0
nfh,0
scps,1
msp,0
cbt,0
fami,0
hta,0
cythw,0
sgml,0
alg,2
usau,0
bksc,0
eqt,0
seneb,0
wow,11
lea,19
pnfpp,0
srts,0
myna,0
bskyu,0
marps,0
kpti,0
lope,0
slab,0
hcat,0
icd,0
omf,0
ggt^g,0
imax,3
yrd,0
iaa,1
abt,4
tvc,0
mreo,0
kvsa,0
abm,0
sabs,0
gnft,0
scmau,0
samau,0
ccv,0
prax,0
trvi,0
azyo,0
alf,0
nbxg,0
macaw,0
pfc,1
gww,0
venar,0
btu,0
nbtb,0
alac,1
plab,0
vlatw,0
hei,4
chscm,0
tanni,0
amt,7
ljaq,0
pmgmw,0
pht,1
oria,0
bpt,2
avtr^a,0
fult,0
zenv,0
asg,0
cmpx,0
cffew,0
cmlt,0
crvl,0
ecf,0
vly,0
alrs,0
cyccp,0
chrs,1
arhs,0
hpf,0
ecl,2
mmx,0
nsl,0
lgacw,0
qgen,0
fct,0
scaq,0
ipa,1
mh^a,0
qrteb,0
vqs,0
schw^d,0
mnro,0
tgs,1
bill,7
xpaxu,0
epr,3
meoa,0
cnvy,0
tpba,0
cert,1
mdva,0
hzon,1
ttwo,0
evop,0
gbci,0
tetcu,0
carg,1
ait,13
evcm,0
gib,0
oak^b,0
ath,10
siox,0
aku,0
adilw,1
nuan,0
ntrso,0
adgi,0
ficv,0
teaf,0
novt,0
kiii,0
vra,0
ifn,0
venaw,0
etv,0
len,0
pebo,0
aeacw,0
avptw,0
hig,2
mtd,7
dlx,0
bmbl,0
ivan,0
gl^d,0
osi,0
acva,0
osbc,0
brbr,0
becn,0
mtw,0
znte,0
ettx,1
bfz,0
pct,1
hzo,0
flya,0
trtn^a,0
cpix,0
hlahw,0
yndx,0
altuw,0
smmt,0
tfii,0
juggw,0
livn,0
syf,0
acr^c,0
pcpc,0
sana,4
ptra,0
cit^b,0
asx,0
govx,0
hcdip,0
gamcw,0
fbrt,0
enviu,1
aapl,380
jagx,13
bvh,0
vsec,0
umbf,0
mfa^b,0
fsnb,0
fxlv,0
nss,0
mind,13
glto,0
svfau,0
wsbcp,0
kdny,0
ryam,0
afinp,0
tekkw,0
clbtw,0
epay,0
obci,0
dan,9
afaq,0
usws,1
rbcn,0
dhi,0
ixaqu,0
ns^b,0
xflt^a,0
cinr,0
dcrdu,0
atnm,0
fnwd,0
pei,2
geo,2
crh,2
cpb,2
rent,5
fix,3
wsm,1
bomn,0
shqaw,0
svok,0
oran,0
solow,0
sb^d,0
foe,16
ftdr,0
ennv,0
jcs,0
race,33
eres,15
goac,0
pcxcu,0
tmx,0
gbt,0
acglo,0
opy,0
clne,5
phicu,0
mms,2
else,12
erii,2
ehth,5
ftvi,0
jrs,0
lcii,0
ello,0
ipgp,0
cien,0
atmr,0
rmgcu,0
ndraw,0
sens,23
ihg,0
cxe,0
asan,3
dnb,0
vate,1
huiz,0
hciiw,0
bml^l,0
cntg,0
aur,2
silv,0
hbanm,0
ese,46
amkr,0
stks,0
trin,0
dsgx,0
apphw,0
voya^b,0
rvp,0
mdxh,0
agmh,0
alkt,0
cit,7
exp,4291
bhp,1
dkdca,0
phic,0
rvacw,0
btg,2
lasr,0
cycn,0
iroq,0
cnxn,0
gnl,1
kmda,0
expe,0
lhdx,0
zkin,0
vntr,0
cni,0
rsf,1
cdna,0
edd,3
eresw,0
ptmn,0
hiho,0
rain,1
nlok,1
hov,0
ihrt,0
nmk^b,0
wts,1
flyw,0
reg,21
neo,14
srv,0
worx,1
cxp,0
iova,0
orgn,0
srev,0
bpmp,0
crkn,0
dcgow,0
maca,0
view,3693
brg^d,0
pmx,0
aspcu,0
mstr,9
ubp^k,0
fcrd,0
ggz,0
ntip,0
aple,0
sii,5
nbh,0
csii,0
hhr,0
mist,0
ddog,3
newr,0
dwin,0
peco,0
esacu,0
etg,0
skyw,0
vac,0
jbk,0
shcrw,0
mdwd,0
luv,3
lgih,0
prva,0
airt,0
psagu,0
doyu,1
cffvw,0
wrby,0
lvlu,0
ctic,1
mcs,0
wqga,0
uihc,0
atr,5
vrme,0
ptlo,0
jll,0
fsr,54
ennvu,0
tmpmw,0
mgrc,0
hgen,0
lmrk,0
mrm,0
psa^f,0
pafor,0
gne^a,0
grnq,0
nly,3
move,21
voya,0
sbea,0
cas,9
smid,0
imaq,0
brezw,0
ihta,0
rmgcw,0
cci,0
arwr,0
grbk,0
fins,0
tsc,0
geccn,0
sonm,0
lpcn,10
evok,0
lokm,0
uone,2
srea,0
finv,0
crmd,1
ksm,0
ndra,1
lmrkn,0
pke,0
agi,1
fubo,105
iiiv,0
ofs,0
ebacu,0
pasg,0
bki,0
swssw,0
fiacu,0
gsld,0
lega,0
sdhy,0
bpypm,0
envb,0
kiiiw,0
aca,7
curv,0
dffn,1
ficvu,0
msda,0
pbr,2
rcmt,0
sonx,0
naacu,0
cof^j,0
rovrw,0
jpm^j,0
neu,0
wtm,0
smwb,0
sjw,0
efx,0
nktr,0
bkti,0
bkn,0
naacw,0
pcar,3
femy,0
fam,8
lmb,0
krnt,0
gotu,0
bltsw,0
hwcpz,0
cswc,2
gxiiu,0
meoau,0
clxt,0
care,19
plin,0
ihs,4
bned,0
hyre,1
vgr,0
prty,25
aprn,1
gateu,0
cmi,1
rivn,0
ads,21
jnce,0
aeppl,0
fmiv,0
sar,5
idba,0
inbkz,0
upst,1
dpro,0
skt,20
noacu,0
law,12
qnrx,0
kref,0
wsr,0
mays,0
tgls,0
cour,0
coliu,0
bivi,0
alpa,0
tak,8
sptk,0
den,8
arguw,0
mirm,0
aeac,0
aei,0
prsrw,0
mh^d,0
titn,0
samg,0
adtx,1
ncbs,0
hoft,0
cwt,0
arbew,0
bbu,0
celu,0
stx,1
dzsi,0
rbbn,0
hcdiz,0
eric,18
bsbk,0
itic,0
mdia,3
vinc,0
sbsw,3
naut,0
vno^m,0
shcau,0
icl,0
sbnyp,0
vlcn,0
bcor,0
tbc,0
cmsa,0
fve,6
tcac,0
uscb,0
soje,0
rxdx,0
jci,0
ctib,0
fstx,0
pcom,0
ncty,1
goss,0
cvlt,0
sckt,0
egan,0
vlypp,0
trs,2
grvy,1
cwk,0
hni,0
tyg,0
safe,27
nrg,1
dox,0
cfviu,0
hbmd,0
ffin,0
manu,1
rxraw,0
sjiv,0
ht^e,0
nvcn,1
cresw,0
gme,11798
mtr,3
srpt,16
bcli,0
acy,2
vtaqu,0
cnp,0
vitl,0
mbii,0
ryaay,0
mhi,0
sier,0
megi,0
rapt,0
pali,1
xflt,0
shpw,0
aat,0
wso/b,0
bytsu,0
fviv,0
cms,0
nnox,1
auto,18
tirx,0
hyi,0
kim,1
ach,4
fbio,0
thca,0
mnp,0
jpm^l,0
mkd,0
lila,2
btaq,0
dcrdw,0
hhgcw,0
izea,6
nssc,0
goed,0
nee^o,0
wfc,29
invo,0
cinf,0
ross,1
bbi,1
glblw,0
pte,4
dbgiw,0
c^k,0
glue,0
psa^l,0
dorm,0
slgcw,0
dmtk,0
slam,1
vsta,0
kairw,0
aslew,0
saic,0
cfms,0
cpss,0
cris,4
xlnx,0
lsxma,0
wmpn,0
cnne,0
rnaz,0
sdh,0
urg,1
ufpt,0
ocft,0
pnc,1
chrw,0
fbp,0
hdsn,0
adv,5
aqna,0
rnwww,0
caba,0
spgs,0
pko,0
lixtw,0
fbnc,0
brdg,0
cstm,0
tela,2
lkco,0
smbk,0
fhi,0
lftrw,0
comm,9
gau,0
huma,0
jaqc,0
tdoc,5
giw,0
pfdrw,0
inov,0
tslx,0
estc,1
jeld,0
zom,18
ela,0
glsi,11
amam,0
enbl,0
ccz,0
cpsi,0
payc,2
anac,3
akus,1
tnp^e,0
alt,11
sccb,0
eot,0
nbn,0
orgnw,0
btt,2
gab^k,0
oia,1
argx,0
jw/b,0
sli,2
avct,0
vkq,0
picc,0
tact,1
evbg,0
jhaa,0
lumo,0
bgcp,0
rocgw,0
amao,0
cbrl,0
mrln,0
nbo,0
cleu,0
hpi,2
gfx,0
psa^j,0
tsri,0
reliw,0
blrx,1
bgne,0
amcx,18
rclfw,0
tex,3
cwbc,0
apt,7
velo,0
rhe^a,0
inbx,0
sxtc,0
thr,2
crai,0
ppg,0
nwn,0
ahl^d,0
bfly,0
fsea,0
bdxb,0
tdf,0
flt,3
fssiu,0
fcrw,0
qsiaw,0
band,0
oyst,0
int,21
sji,0
abbv,3
acco,3
bsx,4
mitt^a,0
asur,0
ezpw,0
txmd,7
goodo,0
pcf,0
bmrn,0
rqi,0
gtpau,0
gcacu,0
lnt,0
hcdi,0
msvb,0
osg,0
dlr^j,0
btaqw,0
cve,1
bamh,0
rlyb,0
jill,0
snap,64
acp^a,0
alpn,0
cmrx,0
rdbxw,0
ncr,0
amsf,0
hstm,0
cga,0
dks,1
boh^a,0
beat,48
dci,0
hrl,0
arcc,0
kuke,0
camp,3
moh,1
uroy,0
rgen,0
irdm,0
whd,0
sbux,20
dsm,0
pfta,0
seac,0
pcb,0
tuem,0
vivo,1
astrw,0
fsrxw,0
thc,4
uhal,0
espr,3
cvv,0
sptkw,0
pcg,1
bbl,2
sem,7
srrk,0
vpcb,0
safm,0
hqh,0
uuu,0
whg,0
coup,1
dss,5
vmm,0
wetf,0
grcyw,0
inva,0
fcax,0
ebtc,0
msac,0
iccm,0
nxrt,0
apdn,0
mgu,0
landm,0
drtt,0
tspq,0
obt,0
aaic,0
fsk,0
googl,9
llnw,7
bxc,0
nice,8
rgld,0
gwii,0
dtrtw,0
hoth,0
trmk,0
fbrx,0
gel,5
pfdru,0
kulr,0
eccy,0
acqru,0
pim,0
sanbu,0
jbgs,0
vet,5
mesa,0
canf,0
pcsb,0
jemd,0
aty,9
psec^a,0
omex,0
puk^a,0
loco,0
ens,7
cprt,0
zuo,0
unm,0
dsl,0
yten,0
hurn,0
vno^n,0
uph,0
bsky,0
itci,0
hlx,0
amat,7
mbtcr,0
nok,1844
fra,16
chng,17
macuw,0
afino,0
ups,13
jls,0
rtlr,0
fpay,0
dkdcw,0
mara,50
eggf,0
faro,0
nyc,0
itub,0
iiac,0
cscw,1
joffu,0
hcaq,0
jwel,0
asr,0
ciigw,0
frgap,0
arvl,0
joe,8
awr,0
vero,0
ari,5
giixw,0
tedu,0
wrb^h,0
hexo,17
pstl,0
jpt,0
banc,0
arch,0
ufs,0
air,11
epam,0
cvm,1
hlne,0
extr,0
cmre^c,0
oxsql,0
ltrx,1
aqua,2
blph,0
ntra,0
ljaqw,0
hpkew,0
ampy,0
dtc,21
beph,0
fcbc,0
mtp,0
rand,0
focs,0
angn,0
spce,115
enic,0
pdo,0
mnso,0
dds,11
mile,0
cvgi,0
nmfc,0
bnnr,0
ngvt,0
bmo,2
plxs,0
thma,0
ptve,0
boot,1
dlr^l,0
luxa,0
fwrd,0
nmtr,1
hhc,1
ctr,0
shipw,0
insm,0
rmbi,0
iboc,0
pcti,0
ffie,0
sgmo,4
mas,10
atlc,0
ufab,0
bosc,0
gps,6
swbi,7
spkar,0
iif,1
fulc,0
imux,0
eft,1
eusgw,0
tds^u,0
pltr,1640
avco,0
kplt,0
cenqw,0
ekso,1
lft,0
bzun,0
nvta,10
ndmo,0
ftsi,0
hix,0
iivip,0
mue,0
egp,0
vray,0
sup,1
lftru,0
blct,0
wfc^l,0
rdw,0
apacu,0
eslt,2
clwt,0
lpro,0
sail,7
nath,0
pcg^h,0
alpaw,0
ftai^a,0
cake,2
cnda,0
nwbi,0
fgb,0
dms,0
ttp,0
ptsi,0
eto,2
luxau,0
hyzn,0
exr,1
pcty,0
casy,0
afb,0
scsc,0
dnad,0
snoa,0
trtn,0
dea,1
hwm^,0
dx^c,0
msi,0
cyxtw,0
fph,0
pipp,0
pmm,0
nly^f,0
webr,0
novvu,0
wmt,43
gyro,0
esca,0
tcrr,1
svsvu,0
oak^a,0
plbc,0
cian,2
prif^k,0
nick,3
visl,0
ggn,0
cah,0
hhgcr,0
iea,1
thacu,0
nvo,0
mita,0
ida,2
nracu,0
ins,7
rdhl,0
exai,0
snpx,0
tlsa,5
ofc,0
tsm,25
ddd,15
ptgx,0
adus,0
sos,18
cspi,0
xyf,0
fthm,2
vctr,0
rcg,0
nxq,0
covau,0
psnl,0
npv,22
srce,0
rvi,0
pfo,0
mtb,0
crxt,0
kfrc,0
trt,2
nvr,0
rmni,0
aptv^a,0
ttec,0
tve,0
ghy,0
sdgr,0
plnt,0
cday,0
cof^n,0
wdh,0
amr,0
auvip,0
bmac,0
cparu,0
xspa,9
ntz,0
mndy,0
acgl,0
wsbc,1
dilau,0
nova,2
ssbk,0
mgp,0
rf^c,0
pags,1
ogi,18
vrt,1
ndacw,0
nbse,0
creg,0
evk,0
ath^b,0
wafd,0
gfai,0
hlbzw,0
gifi,0
cidm,1
qrhc,0
ctso,0
licy,0
cop,1
vpcc,0
trex,0
aaci,0
wat,3
chw,1
atos,25
ciigu,0
dsp,0
itrn,0
enlc,0
lumn,3
oss,9
cnce,0
cfviw,0
pai,3
arrww,0
raas,0
dnac,0
iipr^a,0
ozon,0
trow,0
bsgau,0
srsaw,0
psb,0
otmow,0
vaxx,0
veon,0
thw,0
amrk,0
epm,0
orph,0
tpz,0
tfsa,110
cgbd,0
kmpr,0
ffnw,0
dava,0
gut,0
quot,0
ago,260
wynn,3
pati,1
swm,0
cyt,0
ntnx,1
rcor,0
hil,11
bsa,1
saia,0
mrin,0
gmre^a,0
bsqr,0
lyts,0
chdn,0
lmat,0
tmkrw,0
kmt,0
alim,0
nvos,0
cnnb,0
pacb,4
dtoc,0
fcncp,0
ikna,0
fldm,0
lazy,0
wday,0
gtxap,0
mgrd,0
plmiw,0
yorw,0
rvphw,0
parr,0
tait,0
ivac,0
kdp,3
sbs,0
cdre,0
powru,0
ccmp,0
rcon,0
grph,0
prpb,0
krnlu,0
tritw,0
sgfy,0
dlb,0
cof,4
svfd,0
armk,0
insi,1
trtn^d,0
cht,1
flic,0
voso,0
csu,0
pei^b,0
bvxv,1
ysacw,0
crdl,0
glbe,0
rca,1
mime,0
talkw,0
inmd,0
alc,0
abus,5
nnavw,0
ofssh,0
lvra,0
prgo,0
brivu,0
icad,0
esxb,0
opp^a,0
dhcaw,0
aeva,0
ead,6
centa,0
bdn,0
imtx,0
fitbp,0
conn,1
acevu,0
nvtsw,0
svc,3
janx,0
jof,0
oncr,0
ipviu,0
nfj,0
pump,6
ssrm,0
cof^k,0
gern,2
entxw,0
vnet,0
tgp,0
sun,10
inn,6
mtrn,0
flow,24
task,0
sopa,0
crnt,4
shoo,0
adms,1
mitt^c,0
eypt,0
wbx,0
benew,0
chkez,0
pmt^a,0
gaia,0
mqy,0
nycb^u,0
krg,0
pbt,0
ddl,0
baly,0
hmy,0
brg,0
ato,3
enb,2
root,1
vcyt,0
nfe,0
cars,6
hmtv,0
ccaiw,0
mtex,0
ktf,0
smm,0
mvst,0
rpd,0
phge,0
cloe,0
oxlco,0
anss,0
agac,0
vlrs,0
cpaaw,0
lpi,0
lgacu,0
grts,2
uti,2
cybn,0
trka,0
cara,0
azo,3
etnb,0
necb,0
cveo,0
brn,3
dhhcu,0
rilyk,0
nesr,0
diax,0
avan,2
naz,0
cptag,0
zts,1
usb^m,0
nmm,0
nke,26
krmd,0
xlrn,0
zcmd,0
ziop,0
apps,40
myte,0
hmco,1
tenx,0
fcfs,0
ihc,0
hcarw,0
brliw,0
bcdaw,0
gty,0
gpac,0
btbd,0
ntic,0
roivw,0
paic,0
dhx,0
gdv,0
jynt,0
acqrw,0
eqix,0
pnrg,0
trox,3
uec,3
tsbk,0
nref,0
finmw,0
nrz,6
aih,1
tnc,0
esta,5
cnx,0
mktw,0
pinc,0
jbss,0
gnl^b,0
kzr,0
gig,2
al^a,0
aft,3
bml^g,0
codi^b,0
acu,2
dal,14
pzza,3
rfil,0
dte,2
inst,10
yell,1
qtnt,0
ssl,4
hymcw,0
casi,2
dnz,0
mvt,0
amh^h,0
acc,7
peb^f,0
bku,0
altu,0
ssp,3
rklb,0
mofg,0
gfs,0
ncacu,0
slnh,0
dgii,0
wbt,0
mcbs,0
pton,33
api,1
lxp,0
cbre,0
ffbc,0
lmnd,22
ncz,0
epix,0
kar,0
lazr,33
aktx,0
aso,15
orly,2
pnntg,0
ngvc,0
ricow,0
intt,0
stkl,1
nus,0
ftaaw,0
pnr,0
bmrc,0
lsi,0
regn,4
cccc,0
cors,0
fms,0
rfmz,0
aiki,1
tcx,0
prif^i,0
agm^f,0
cnty,0
hcneu,0
mmu,0
praa,0
invzw,0
bbby,176
wlms,0
dex,4
paicw,0
giggw,0
vrnt,0
gnacu,0
omcl,0
ffbw,0
earn,46
dhr^b,0
isle,0
scoau,0
rcl,5
erh,0
revew,0
procw,0
cvcy,0
govxw,0
maps,16
fis,4
nby,1
axp,3
lvtx,0
wvvi,0
kins,0
sldb,0
noc,3
kth,0
nxpi,0
wneb,0
vygg,0
rlgy,0
bksy,0
icr^a,0
twoa,0
tinv,0
afg,0
lgvcu,0
ogn,0
macq,0
nuwe,0
drayw,0
imacw,0
fcpt,0
innv,0
ayro,18
hwbk,0
cyth,0
htzww,0
asb^e,0
cgabl,0
nrgx,0
cvna,0
gnt^a,0
nrim,0
uan,0
cool,7
rcii,0
avdl,6
nsa^a,0
pxsap,0
snmp,3
bfs,1
mtx,0
pbts,0
jbi,0
scyx,0
mrtx,0
prft,0
trvg,12
flgc,0
apre,0
tme,1
mttrw,0
rmr,1
ahl^c,0
ebac,0
klaqu,0
udr,0
psxp,1
colm,0
smrt,0
zumz,0
lark,0
paas,2
intz,2
indiw,0
trkaw,0
hwelw,0
auvi,0
ath^d,0
forty,0
jtd,0
ccsi,0
hfbl,0
agncn,0
bcs,4
soly,0
wcn,0
slvrw,0
cfb,0
rcky,0
reyn,0
awp,0
leg,4
disau,0
csco,9
tmhc,0
uber,48
cdev,0
ocup,0
amot,0
isaa,0
ewtx,0
msa,0
rocg,0
pty,0
dyfn,0
mdp,0
extn,0
lamr,0
atni,0
arqt,0
abg,0
pck,0
conxu,0
rchg,0
oesx,0
matx,0
nls,3
fsm,4
cccs,0
envxw,0
iobt,0
mtcr,0
ivr,20
cuenw,0
fax,0
flnt,0
ht^c,0
iacc,0
csq,0
hubs,1
cifr,0
legau,0
sbsi,0
jjsf,0
artaw,0
enba,0
axgn,0
pll,2
lkfn,0
aac,4
auid,0
camt,0
nexi,0
dbtx,0
muln,0
chco,0
claqu,0
ctxr,0
emd,0
clpr,0
laws,3
azul,0
mcafu,0
fdp,1
reli,0
nbst,0
msge,0
ueps,0
bhr,2
ucl,0
zyne,2
npo,0
apacw,0
gam,10
smfg,0
wvvip,0
jw/a,0
phg,0
sgma,0
spot,19
pfg,0
ooma,0
sbba,0
nrxpw,0
iti,3
avk,0
bery,0
fisv,0
gdrx,5
mnts,0
jhi,0
blts,0
tugcu,0
uvsp,1
scu,0
fusn,0
gmvd,0
nie,7
sitc,0
swtx,0
tusk,0
waldu,0
spb,0
gtec,0
hiti,1
snv^d,0
nflx,51
ctrn,0
smlp,0
rare,12
sbii,0
acel,0
oxbrw,0
spe,1
loan,18
vel,3
nlitu,0
manh,0
nuro,0
uwmc,6
ingn,0
ubp,0
sabrp,0
tmdx,0
brc,0
unb,0
mntv,0
pfh,0
xxii,7
wso,0
tbsaw,0
ckx,0
eusgu,0
vvpr,0
ocn,0
iex,0
ghsi,2
umh^c,0
esea,0
wksp,0
impx,0
alit,0
trtn^e,0
cmc,4
psa^e,0
tals,1
midd,1
dre,2
mov,0
mgrb,0
cno,0
synl,0
haac,0
skx,0
astr,0
hifs,0
bdj,0
pubm,0
calt,0
ecpg,0
ftaa,0
hook,0
achv,0
gsaq,0
ths,4
gpc,0
cbtx,0
dcrn,0
sovo,0
rico,0
ctek,0
vinp,0
bcsf,0
glu^a,0
sjij,0
fsbw,0
plse,0
dash,34
artna,0
uba,0
hhgcu,0
bsgar,0
bigc,4
efr,0
ipvi,0
kltr,0
wpp,0
ori,0
cde,6
atai,0
cmls,0
cern,0
omic,0
mksi,0
chsco,0
cnbka,0
algs,0
act,8
acr,0
ahpaw,0
tmkru,0
gsk,0
feo,4
rli,0
iff,4
mrvl,10
atec,0
npce,0
drio,0
nbr,2
ewcz,0
phk,0
ccxi,0
pgz,0
bnixr,0
napa,1
hio,0
mor,3
banfp,0
four,6
iclr,0
itqrw,0
mcbc,0
itrm,1
neog,0
roku,21
slrc,0
eccw,0
form,22
cpaa,0
che,12
snbr,0
prim,0
bsx^a,0
rway,0
ebsb,0
tdup,0
amrn,1
ksicw,0
kop,96
tronw,0
lnd,0
pten,0
dmb,0
vpcbu,0
glspt,0
hcci,0
gwb,0
leju,0
ontx,2
cco,4
ide,7
uxin,0
nruc,0
ghrs,0
gtpb,0
eldn,0
evi,0
velou,0
intg,0
pbi,2
lode,4
bbar,0
prtk,0
hesm,0
bwb,0
awi,0
wdi,0
vsat,2
dwacu,0
efc,0
amba,2
plym,0
umh^d,0
ping,5
rvac,0
ctbi,0
kwr,1
dhbcu,0
olpx,0
ior,4
icpt,0
surg,0
bit,7
tnp^f,0
uctt,0
ddmxu,0
lyb,0
pack,1
mplx,0
ntwk,0
two^b,0
lfvn,0
culp,0
mlnk,0
uslm,0
bhfan,0
grwg,20
aal,100
sjm,0
iae,0
ytra,0
jco,0
cpe,0
oxus,0
gbx,4
pam,2
mindp,0
rkt,69
gne,0
oec,0
nycb,0
ecom,0
sght,0
figs,1
rammw,0
ngcaw,0
hdb,0
acev,1
all^b,0
nim,0
yeti,4
grom,0
brivw,0
gsl^b,0
son,7
arry,0
mprau,0
aeri,0
efsc,0
imvt,0
amal,1
rgt,0
nsys,0
alin^a,0
nkx,0
bnnru,0
essa,0
clrb,2
ttcf,6
gapa,0
ktra,0
irix,0
edncw,0
opch,1
tour,17
alot,0
bf/b,0
rphm,0
btz,0
owlt,0
cfr,0
brbs,0
frc^k,0
mndt,0
usph,0
conxw,0
nio,677
aris,2
plmiu,0
ry^t,0
adma,7
ampgw,0
aptm,0
avlr,0
cta^b,0
resn,1
scaqu,0
abnb,43
ath^a,0
drma,0
app,181
dxf,0
apgb,0
rop,0
cenq,0
gmiiw,0
arteu,0
krys,1
ktos,10
syrs,0
trp,1
ymab,0
rpid,0
ice,10
cim^a,0
lung,0
iba,3
boxl,0
athm,0
nati,2
exfy,0
hlg,0
nbrv,4
rrc,1
nnn,21
rdcm,0
iacb,0
sgen,0
gcmg,0
dmrc,0
arkow,0
blua,0
rrx,0
meds,2
fhs,1
nrac,0
bbwi,0
fexdu,0
acp,0
fatbb,0
ocul,0
jaqcw,0
crt,1
pycr,0
viiau,0
hovnp,0
tcpc,0
xair,0
tbbk,0
qlys,0
valn,0
btcm,0
syk,1
mur,1
abcb,0
amrx,0
hpx,0
prif^j,0
vtaqw,0
kndi,6
whlr,0
sprb,0
sjr,0
btbdw,0
freew,0
irtc,0
hngr,0
sojd,0
crm,41
coda,0
viacp,0
ccbg,0
ivh,0
cfbk,0
comsw,0
ncna,1
eim,0
arco,0
dfph,0
frg,0
knop,0
ipldp,0
navb,0
colb,0
hwc,0
abr^d,0
maqcw,0
tekk,1
cptk,0
reed,5
ctaq,0
adoc,0
sngx,0
ffic,0
aan,25
clx,2
mygn,0
yumc,0
ael^b,0
fcf,0
aten,1
hele,3
orcc,1
clayu,0
swim,0
lbph,0
cac,8
bfk,0
pax,1
acah,0
ntgr,0
levl,0
ovly,0
pgny,0
gs^c,0
aem,0
tern,0
vtyx,0
tioau,0
kex,0
cmu,0
atro,0
cns,0
ipar,0
ahco,0
prpo,0
swagu,0
vtol,0
occi,0
tmc,0
migi,0
fixx,0
bif,0
dcth,1
tvacu,0
egle,0
clov,12
ghacw,0
thwww,0
cpac,0
gmab,1
thq,0
codi^a,0
cplg,0
geni,0
lctx,0
snv,0
mtbc,2
qrtep,0
usx,0
vblt,0
dgnu,0
giii,0
insg,11
dhf,0
scpl,0
ingr,0
sbh,0
otex,0
veri,1
oepw,0
virx,0
meli,4
lcaaw,0
nsc,0
rnwk,0
uavs,8
stla,20
daln,0
oxm,0
vor,18
pfl,0
nndm,42
blnk,54
blfy,0
homb,0
aap,4
duot,0
mitt^b,0
harp,0
rdvt,0
dmac,0
ahh,4
thcaw,0
gab^g,0
howl,0
ater,3
chi,0
drd,0
stng,1
gpacw,0
tgt,28
zip,1
psagw,0
winv,0
dtocu,0
htibp,0
sndl,256
keys,1
hope,14
hwm,0
dmyq,0
nac,0
htfb,0
pine,0
tron,2
atspw,0
ctas,0
cri,0
amti,0
aptmw,0
psb^z,0
ifrx,0
auud,0
cbat,6
petvw,0
payow,0
bkyi,0
xpro,0
appn,2
hyw,0
nhicu,0
agnco,0
blin,0
blde,0
coco,1
hood,14
airtp,0
caas,1
riv,1
sfix,14
clbk,0
oric,0
cmsc,0
wfc^a,0
isrg,0
sumr,0
boac,0
nes,59
dals,0
exel,0
sedg,5
thcp,0
alrn,0
rick,1
ttm,1
sam,6
coolw,0
cadl,0
ardc,0
iqi,0
puk^,0
csgp,0
bcyc,0
cfivu,0
jsd,0
sah,2
pkoh,0
fen,3
mbnkp,0
jugg,0
lkq,0
lcnb,0
vod,0
hsc,0
bhfao,0
frsx,6
powwp,0
sdacu,0
husa,3
eeft,0
moncu,0
gcbc,0
cstr,0
beem,0
nrz^c,0
spcb,0
enviw,0
byts,0
voxx,0
gis,1
edsa,0
mypsw,0
tei,1
plan,58
nem,4
avo,1
cim,0
deck,0
frph,0
jaqcu,0
apd,0
prsru,0
abmd,1
bhc,3
asln,0
glre,0
mram,0
mrtn,0
chscp,0
step,4
five,17
gtyh,0
ako/b,0
ptn,5
xene,0
wns,0
bgy,0
gic,0
gsbd,0
cnob,0
umc,0
simo,0
asgn,0
agro,0
cohn,0
dtrtu,0
scvx,0
msgm,0
dfphw,0
fnch,0
masi,0
mcb,0
lyv,2
sbet,0
tmkr,0
rdwr,0
ual,23
ltbr,0
bsac,0
lghl,0
mlacw,0
pmt,0
tigo,0
agti,0
krus,0
dooo,0
tnxp,7
khc,3
oxsqg,0
issc,0
indp,0
rclf,0
eoi,0
taco,1
aka,0
este,9
pcg^i,0
cdk,0
dov,0
aciu,0
rmax,0
carv,0
eusg,0
crd/a,0
evh,0
mpac,0
hlth,0
cai^b,0
clst,0
lyra,0
ppbi,0
imos,0
bml^h,0
blngu,0
bwxt,0
pticw,0
tgna,0
ufi,0
qdel,0
wpcb,0
pnbk,0
fang,5
lgstu,0
msacw,0
mcaer,0
drug,3
adnt,0
gddy,1
aaqc,0
ibex,0
stl,41
tlis,0
gab^h,0
nid,1
psa^m,0
newtz,0
atco^h,0
ayx,2
beneu,0
mdlz,0
pool,1
vrtx,4
mdgsw,0
hhgc,0
adnww,0
iber,0
fvam,0
racb,0
swagw,0
rei,6
deo,1
tef,0
tvtx,0
eccb,0
gsmg,0
chekz,0
star,7
gsaqw,0
arvn,0
emx,0
pgrww,0
fatpu,0
jamf,0
kore,1
ohi,0
hl^b,0
alrm,0
whlrp,0
fact,4
wtrh,1
rvlv,0
gof,0
pcttu,0
sppi,8
pphpu,0
gab^j,0
cnk,10
kra,0
elms,0
forew,0
gim,0
xela,2
fnd,0
crtx,0
aef,1
nomd,0
nat,18
axs^e,0
jce,0
nxtd,2
reve,1
ken,5
qrvo,0
anpc,0
discb,0
aif,3
ygmz,0
bme,7
educ,0
bcacw,0
gva,3
obnk,0
asb^f,0
omga,0
dakt,0
apmiu,0
crk,0
navi,0
exd,0
bcacu,0
spk,0
ako/a,0
pw^a,0
slvm,0
luxaw,0
legn,0
skyt,0
tpgy,1
pnt,0
brtx,0
pgrwu,0
banx,0
clay,0
asix,0
xelb,0
slac,0
tgi,1
hli,0
aub,1
ath^c,0
dcbo,0
brpmw,0
klaq,0
gacq,0
ebay,7
seb,2
grvi,0
ionq,0
rcs,1
kss,6
oas,10
akam,1
amh^f,0
gigm,0
fhn,0
shen,0
nxu,0
etb,0
ueic,0
aspc,0
coliw,0
cdr^c,0
prct,0
elym,0
ocfcp,0
psa^g,0
hci,1
aatc,0
smfrw,0
pphpw,0
cvu,0
bttx,0
pacxw,0
enia,0
bsmx,0
wfrd,0
bb,2440
